Name,Latitude,Longitude
"Bayonne, NJ",40.66871,-74.11431
"Bergenfield, NJ",40.9276,-73.99736
"Cliffside Park, NJ",40.82149,-73.98764
"Englewood, NJ",40.89288,-73.97264
"Fair Lawn, NJ",40.94038,-74.13181
"Fort Lee, NJ",40.85093,-73.97014
"Hackensack, NJ",40.88593,-74.04347
"Hoboken, NJ",40.74399,-74.03236
"Jersey City, NJ",40.72816,-74.07764
"Kearny, NJ",40.76843,-74.14542
"North Bergen, NJ",40.80427,-74.01208
"Paramus, NJ",40.94454,-74.07542
"Ridgewood, NJ",40.97926,-74.11653
"Teaneck, NJ",40.8976,-74.01597
"Union City, NJ",40.77955,-74.02375
"West New York, NJ",40.78788,-74.01431
"Washington, DC",38.89511,-77.03637
"Bridgeport, CT",41.16704,-73.20483
"Danbury, CT",41.39482,-73.45401
"East Haven, CT",41.27621,-72.86843
"Meriden, CT",41.53815,-72.80704
"Milford, CT",41.22232,-73.0565
"Naugatuck, CT",41.48593,-73.05066
"New Haven, CT",41.30815,-72.92816
"North Haven, CT",41.39093,-72.85954
"Norwalk, CT",41.1176,-73.4079
"Shelton, CT",41.31649,-73.09316
"Stamford, CT",41.05343,-73.53873
"Stratford, CT",41.18454,-73.13317
"Trumbull, CT",41.24287,-73.20067
"Waterbury, CT",41.55815,-73.0515
"West Haven, CT",41.27065,-72.94705
"Westport, CT",41.14149,-73.3579
"Alabaster, AL",33.24428,-86.81638
"Bessemer, AL",33.40178,-86.95444
"Birmingham, AL",33.52066,-86.80249
"Center Point, AL",33.64566,-86.6836
"Homewood, AL",33.47177,-86.80082
"Hoover, AL",33.40539,-86.81138
"Mountain Brook, AL",33.50094,-86.75221
"Tuscaloosa, AL",33.20984,-87.56917
"Vestavia Hills, AL",33.44872,-86.78777
"Bainbridge Island, WA",47.62621,-122.52124
"Burien, WA",47.47038,-122.34679
"Des Moines, WA",47.40177,-122.32429
"Mercer Island, WA",47.57065,-122.22207
"Seattle, WA",47.60621,-122.33207
"Shoreline, WA",47.75565,-122.34152
"White Center, WA",47.51732,-122.35485
"Auburn, ME",44.09785,-70.23117
"Augusta, ME",44.31062,-69.77949
"Bangor, ME",44.80118,-68.77781
"Biddeford, ME",43.49258,-70.45338
"Brunswick, ME",43.91452,-69.96533
"Lewiston, ME",44.10035,-70.21478
"South Portland, ME",43.64147,-70.24088
"South Portland, ME",43.64147,-70.24088
"Boise, ID",43.6135,-116.20345
"Caldwell, ID",43.66294,-116.68736
"Coeur d'Alene, ID",47.67768,-116.78047
"Idaho Falls, ID",43.46658,-112.03414
"Lewiston, ID",46.41655,-117.01766
"Meridian, ID",43.61211,-116.39151
"Moscow, ID",46.73239,-117.00017
"Nampa, ID",43.54072,-116.56346
"Pocatello, ID",42.8713,-112.44553
"Twin Falls, ID",42.56297,-114.46087
"Atwater, CA",37.34772,-120.60908
"Ceres, CA",37.59493,-120.95771
"Lodi, CA",38.1302,-121.27245
"Los Banos, CA",37.05828,-120.84992
"Manteca, CA",37.79743,-121.21605
"Merced, CA",37.30216,-120.48297
"West Modesto, CA",37.61754,-121.03914
"Stockton, CA",37.9577,-121.29078
"Tracy, CA",37.73987,-121.42618
"Turlock, CA",37.49466,-120.84659
"San Antonio, TX",29.42412,-98.49363
"New York City, NY",40.71427,-74.00597
"New York City, NY",40.71427,-74.00597
"Los Angeles, CA",34.05223,-118.24368
"Allen, TX",33.10317,-96.67055
"Arlington, TX",32.73569,-97.10807
"Carrollton, TX",32.95373,-96.89028
"Cedar Hill, TX",32.58847,-96.95612
"Coppell, TX",32.95457,-97.01501
"Dallas, TX",32.78306,-96.80667
"DeSoto, TX",32.58986,-96.85695
"Duncanville, TX",32.6518,-96.90834
"Farmers Branch, TX",32.92651,-96.89612
"Flower Mound, TX",33.01457,-97.09696
"Frisco, TX",33.15067,-96.82361
"Garland, TX",32.91262,-96.63888
"Grand Prairie, TX",32.74596,-96.99778
"Irving, TX",32.81402,-96.94889
"Lancaster, TX",32.59208,-96.75611
"Lewisville, TX",33.04623,-96.99417
"McKinney, TX",33.19762,-96.61527
"Mesquite, TX",32.7668,-96.59916
"Plano, TX",33.01984,-96.69889
"Richardson, TX",32.94818,-96.72972
"Rowlett, TX",32.9029,-96.56388
"The Colony, TX",33.08901,-96.88639
"University Park, TX",32.85013,-96.80028
"Waxahachie, TX",32.38653,-96.84833
"Levittown, PA",40.15511,-74.82877
"Philadelphia, PA",39.95233,-75.16379
"Brook Park, OH",41.39838,-81.80458
"East Cleveland, OH",41.53311,-81.57901
"Cleveland Heights, OH",41.52005,-81.55624
"East Cleveland, OH",41.53311,-81.57901
"South Euclid, OH",41.52311,-81.51846
"Garfield Heights, OH",41.417,-81.60596
"Lakewood, OH",41.48199,-81.79819
"Maple Heights, OH",41.41533,-81.56596
"Parma, OH",41.40477,-81.72291
"Shaker Heights, OH",41.47394,-81.53707
"South Euclid, OH",41.52311,-81.51846
"Champaign, IL",40.11642,-88.24338
"Charleston, IL",39.49615,-88.17615
"Danville, IL",40.12448,-87.63002
"Decatur, IL",39.84031,-88.9548
"Quincy, IL",39.9356,-91.40987
"Springfield, IL",39.80172,-89.64371
"Urbana, IL",40.11059,-88.20727
"Andover, MN",45.2333,-93.29134
"Duluth, MN",46.78327,-92.10658
"Moorhead, MN",46.87386,-96.76951
"East Chicago, IN",41.6392,-87.45476
"Gary, IN",41.59337,-87.34643
"Hammond, IN",41.58337,-87.50004
"Highland, IN",41.55365,-87.45198
"Hobart, IN",41.53226,-87.25504
"LaPorte, IN",41.6106,-86.72252
"Merrillville, IN",41.48281,-87.33281
"Michigan City, IN",41.70754,-86.89503
"Munster, IN",41.56448,-87.51254
"Portage, IN",41.57587,-87.17615
"Schererville, IN",41.47892,-87.45476
"Valparaiso, IN",41.47309,-87.06114
"Athens, OH",39.32924,-82.10126
"Chillicothe, OH",39.33312,-82.9824
"Delaware, OH",40.29867,-83.06797
"Lancaster, OH",39.71368,-82.59933
"Marion, OH",40.58867,-83.12852
"Newark, OH",40.05812,-82.40126
"Portsmouth, OH",38.73174,-82.99767
"Zanesville, OH",39.94035,-82.01319
"Algonquin, IL",42.16558,-88.29425
"Arlington Heights, IL",42.08836,-87.98063
"Buffalo Grove, IL",42.15141,-87.95979
"Carpentersville, IL",42.12114,-88.25786
"Des Plaines, IL",42.03336,-87.8834
"South Elgin, IL",41.99419,-88.2923
"Elk Grove Village, IL",42.00392,-87.97035
"Evanston, IL",42.04114,-87.69006
"Glenview, IL",42.06975,-87.78784
"Gurnee, IL",42.3703,-87.90202
"Highland Park, IL",42.18169,-87.80034
"Hoffman Estates, IL",42.04281,-88.0798
"Lake Forest, IL",42.25863,-87.84063
"Lake in the Hills, IL",42.18169,-88.33036
"Libertyville, IL",42.28308,-87.95313
"Morton Grove, IL",42.04059,-87.78256
"Mount Prospect, IL",42.06642,-87.93729
"Mundelein, IL",42.26308,-88.00397
"Niles, IL",42.01892,-87.80284
"North Chicago, IL",42.32558,-87.84118
"Northbrook, IL",42.12753,-87.82895
"Palatine, IL",42.1103,-88.03424
"Park Ridge, IL",42.01114,-87.84062
"Rolling Meadows, IL",42.08419,-88.01313
"Round Lake Beach, IL",42.37169,-88.09008
"Schaumburg, IL",42.03336,-88.08341
"Skokie, IL",42.03336,-87.73339
"Vernon Hills, IL",42.21947,-87.97952
"Waukegan, IL",42.36363,-87.84479
"Wheeling, IL",42.13919,-87.92896
"Wilmette, IL",42.07225,-87.72284
"Zion, IL",42.44613,-87.83285
"Baton Rouge, LA",30.45075,-91.15455
"Biloxi, MS",30.39603,-88.88531
"West Gulfport, MS",30.40409,-89.0942
"Pascagoula, MS",30.36576,-88.55613
"Albany, GA",31.57851,-84.15574
"Valdosta, GA",30.83334,-83.28032
"Muskegon, MI",43.23418,-86.24839
"Norton Shores, MI",43.1689,-86.26395
"Shelby, MI",42.67087,-83.03298
"Akron, OH",41.08144,-81.51901
"Alliance, OH",40.91534,-81.10593
"Austintown, OH",41.10172,-80.76452
"Barberton, OH",41.01283,-81.60512
"Boardman, OH",41.02423,-80.66285
"Brunswick, OH",41.23811,-81.8418
"North Canton, OH",40.87589,-81.40234
"Cuyahoga Falls, OH",41.13394,-81.48456
"Green, OH",40.94589,-81.48317
"Hudson, OH",41.24006,-81.44067
"Kent, OH",41.15367,-81.35789
"Massillon, OH",40.79672,-81.52151
"Medina, OH",41.13839,-81.86375
"Niles, OH",41.18284,-80.76536
"Stow, OH",41.1595,-81.44039
"Warren, OH",41.23756,-80.81842
"Wooster, OH",40.80517,-81.93646
"Youngstown, OH",41.09978,-80.64952
"Bonita Springs, FL",26.33981,-81.7787
"Cape Coral, FL",26.56285,-81.94953
"North Fort Myers, FL",26.66729,-81.88009
"Golden Gate, FL",26.18787,-81.69509
"Lehigh Acres, FL",26.62535,-81.6248
"Naples, FL",26.14234,-81.79596
"North Fort Myers, FL",26.66729,-81.88009
"Aspen Hill, MD",39.07955,-77.07303
"North Bethesda, MD",39.04455,-77.11887
"Bowie, MD",38.94278,-76.73028
"Chillum, MD",38.96372,-76.99081
"Clinton, MD",38.76511,-76.89831
"College Park, MD",38.98067,-76.93692
"Cumberland, MD",39.65287,-78.76252
"Fairland, MD",39.07622,-76.95775
"Fort Washington, MD",38.70734,-77.02303
"Frederick, MD",39.41427,-77.41054
"Gaithersburg, MD",39.14344,-77.20137
"Germantown, MD",39.17316,-77.27165
"Greenbelt, MD",39.00455,-76.87553
"Hagerstown, MD",39.64176,-77.71999
"Landover, MD",38.934,-76.89664
"Montgomery Village, MD",39.17677,-77.19526
"North Bethesda, MD",39.04455,-77.11887
"South Laurel, MD",39.06983,-76.85025
"North Potomac, MD",39.08289,-77.26498
"Olney, MD",39.15316,-77.06692
"Potomac, MD",39.01817,-77.20859
"Rockville, MD",39.084,-77.15276
"Silver Spring, MD",38.99067,-77.02609
"South Laurel, MD",39.06983,-76.85025
"Saint Charles, MD",38.60317,-76.93858
"Suitland, MD",38.84872,-76.92386
"Waldorf, MD",38.62456,-76.93914
"White Oak, MD",39.03983,-76.99303
"West Bloomfield Township, MI",42.56891,-83.38356
"Farmington Hills, MI",42.48531,-83.37716
"Ferndale, MI",42.46059,-83.13465
"Madison Heights, MI",42.48587,-83.1052
"Novi, MI",42.48059,-83.47549
"Oak Park, MI",42.45948,-83.18271
"Pontiac, MI",42.63892,-83.29105
"Rochester Hills, MI",42.65837,-83.14993
"Royal Oak, MI",42.48948,-83.14465
"Southfield, MI",42.47337,-83.22187
"Troy, MI",42.60559,-83.14993
"Waterford, MI",42.69303,-83.41181
"West Bloomfield Township, MI",42.56891,-83.38356
"Mobile, AL",30.69436,-88.04305
"Prichard, AL",30.7388,-88.07889
"Greenville, NC",35.61266,-77.36635
"Havelock, NC",34.87905,-76.90133
"Kinston, NC",35.26266,-77.58164
"New Bern, NC",35.10849,-77.04411
"Rocky Mount, NC",35.93821,-77.79053
"Wilson, NC",35.72127,-77.91554
"Auburn, WA",47.30732,-122.22845
"East Hill-Meridian, WA",47.41052,-122.17369
"Federal Way, WA",47.32232,-122.31262
"Lakewood, WA",47.17176,-122.51846
"Parkland, WA",47.15538,-122.43401
"Puyallup, WA",47.18538,-122.2929
"South Hill, WA",47.14121,-122.27012
"Spanaway, WA",47.10399,-122.43457
"Tacoma, WA",47.25288,-122.44429
"University Place, WA",47.23565,-122.5504
"Copperas Cove, TX",31.12406,-97.90308
"Fort Hood, TX",31.13489,-97.77561
"Killeen, TX",31.11712,-97.7278
"Temple, TX",31.09823,-97.34278
"Waco, TX",31.54933,-97.14667
"Anniston, AL",33.65983,-85.83163
"Decatur, AL",34.60593,-86.98334
"Florence, AL",34.79981,-87.67725
"Gadsden, AL",34.01426,-86.00664
"Huntsville, AL",34.73037,-86.5861
"Madison, AL",34.69926,-86.74833
"Fort Wayne, IN",41.1306,-85.12886
"Brookfield, WI",43.06057,-88.10648
"Caledonia, WI",42.8078,-87.92425
"Kenosha, WI",42.58474,-87.82119
"Menomonee Falls, WI",43.1789,-88.11731
"Mequon, WI",43.2364,-87.98453
"Muskego, WI",42.90585,-88.13898
"New Berlin, WI",42.9764,-88.10842
"Racine, WI",42.72613,-87.78285
"Waukesha, WI",43.01168,-88.23148
"West Bend, WI",43.42528,-88.18343
"Levittown, PA",40.15511,-74.82877
"Philadelphia, PA",39.95233,-75.16379
"Battle Creek, MI",42.3173,-85.17816
"Kalamazoo, MI",42.29171,-85.58723
"Portage, MI",42.20115,-85.58
"Bowling Green, KY",36.99032,-86.4436
"Elizabethtown, KY",37.69395,-85.85913
"Henderson, KY",37.83615,-87.59001
"Hopkinsville, KY",36.86561,-87.49117
"Owensboro, KY",37.77422,-87.11333
"Paducah, KY",37.08339,-88.60005
"Radcliff, KY",37.84035,-85.94913
"Back Mountain, PA",41.33591,-75.99631
"Hazleton, PA",40.95842,-75.97465
"Scranton, PA",41.40916,-75.6649
"Wilkes-Barre, PA",41.24591,-75.88131
"Williamsport, PA",41.24119,-77.00108
"Richmond, VA",37.55376,-77.46026
"Alvin, TX",29.42385,-95.2441
"Atascocita, TX",29.99883,-95.1766
"Baytown, TX",29.7355,-94.97743
"Channelview, TX",29.77606,-95.11465
"Cloverleaf, TX",29.77828,-95.17188
"Deer Park, TX",29.70523,-95.12382
"Friendswood, TX",29.5294,-95.20104
"South Houston, TX",29.66301,-95.23549
"La Porte, TX",29.66578,-95.01937
"League City, TX",29.50745,-95.09493
"Mission Bend, TX",29.69384,-95.66495
"Missouri City, TX",29.61857,-95.53772
"Pasadena, TX",29.69106,-95.2091
"Pearland, TX",29.56357,-95.28605
"Rosenberg, TX",29.55718,-95.80856
"Spring, TX",30.07994,-95.41716
"Sugar Land, TX",29.61968,-95.63495
"The Woodlands, TX",30.15799,-95.48938
"Aspen Hill, MD",39.07955,-77.07303
"North Bethesda, MD",39.04455,-77.11887
"Bowie, MD",38.94278,-76.73028
"Chillum, MD",38.96372,-76.99081
"Clinton, MD",38.76511,-76.89831
"College Park, MD",38.98067,-76.93692
"Cumberland, MD",39.65287,-78.76252
"Fairland, MD",39.07622,-76.95775
"Fort Washington, MD",38.70734,-77.02303
"Frederick, MD",39.41427,-77.41054
"Gaithersburg, MD",39.14344,-77.20137
"Germantown, MD",39.17316,-77.27165
"Greenbelt, MD",39.00455,-76.87553
"Hagerstown, MD",39.64176,-77.71999
"Landover, MD",38.934,-76.89664
"Montgomery Village, MD",39.17677,-77.19526
"North Bethesda, MD",39.04455,-77.11887
"South Laurel, MD",39.06983,-76.85025
"North Potomac, MD",39.08289,-77.26498
"Olney, MD",39.15316,-77.06692
"Potomac, MD",39.01817,-77.20859
"Rockville, MD",39.084,-77.15276
"Silver Spring, MD",38.99067,-77.02609
"South Laurel, MD",39.06983,-76.85025
"Saint Charles, MD",38.60317,-76.93858
"Suitland, MD",38.84872,-76.92386
"Waldorf, MD",38.62456,-76.93914
"White Oak, MD",39.03983,-76.99303
"Dover, DE",39.15817,-75.52437
"Newark, DE",39.68372,-75.74966
"Wilmington, DE",39.74595,-75.54659
"Arvada, CO",39.80276,-105.08748
"Aurora, CO",39.72943,-104.83192
"Boulder, CO",40.01499,-105.27055
"Brighton, CO",39.98526,-104.82053
"Broomfield, CO",39.92054,-105.08665
"Castle Rock, CO",39.37221,-104.85609
"Castlewood, CO",39.58471,-104.90109
"Columbine, CO",39.58777,-105.06943
"Commerce City, CO",39.80832,-104.93387
"Denver, CO",39.73915,-104.9847
"Englewood, CO",39.64777,-104.98776
"Highlands Ranch, CO",39.55388,-104.96943
"Ken Caryl, CO",39.57582,-105.11221
"Lafayette, CO",39.9936,-105.08971
"Lakewood, CO",39.70471,-105.08137
"Littleton, CO",39.61332,-105.01665
"Longmont, CO",40.16721,-105.10193
"Loveland, CO",40.39776,-105.07498
"Northglenn, CO",39.88554,-104.9872
"Parker, CO",39.5186,-104.76136
"Southglenn, CO",39.58721,-104.95276
"Thornton, CO",39.86804,-104.97192
"Westminster, CO",39.83665,-105.0372
"Wheat Ridge, CO",39.7661,-105.07721
"South Charleston, WV",38.36843,-81.69957
"Huntington, WV",38.41925,-82.44515
"Morgantown, WV",39.62953,-79.9559
"Parkersburg, WV",39.26674,-81.56151
"Weirton, WV",40.41896,-80.58952
"Wheeling, WV",40.06396,-80.72091
"Aventura, FL",25.95648,-80.13921
"Carol City, FL",25.94065,-80.2456
"Coral Gables, FL",25.72149,-80.26838
"Coral Terrace, FL",25.74593,-80.3045
"Country Club, FL",25.94815,-80.317
"Cutler Ridge, FL",25.58066,-80.34672
"Doral, FL",25.81954,-80.35533
"Golden Glades, FL",25.91176,-80.20033
"Hialeah, FL",25.8576,-80.27811
"Homestead, FL",25.46872,-80.47756
"Kendale Lakes, FL",25.70816,-80.407
"Kendall West, FL",25.7065,-80.4388
"Key West, FL",24.55524,-81.78163
"Leisure City, FL",25.49539,-80.42922
"West Miami, FL",25.76343,-80.29616
"North Miami Beach, FL",25.93315,-80.16255
"Miami Lakes, FL",25.90871,-80.30866
"Miramar, FL",25.98731,-80.23227
"Norland, FL",25.94898,-80.21227
"North Miami, FL",25.89009,-80.18671
"North Miami Beach, FL",25.93315,-80.16255
"Richmond West, FL",25.6105,-80.42971
"Richmond Heights, FL",25.63149,-80.36894
"South Miami Heights, FL",25.59761,-80.38061
"Tamiami, FL",25.75871,-80.39839
"West Little River, FL",25.85704,-80.23699
"Westchester, FL",25.75482,-80.32727
"Casper, WY",42.86663,-106.31308
"Cheyenne, WY",41.13998,-104.82025
"Gillette, WY",44.29109,-105.50222
"Laramie, WY",41.31137,-105.5911
"Grand Island, NE",40.92501,-98.34201
"Kearney, NE",40.69946,-99.08148
"North Platte, NE",41.12389,-100.76542
"Bloomington, IL",40.4842,-88.99369
"East Moline, IL",41.50087,-90.4443
"East Peoria, IL",40.66615,-89.5801
"Galesburg, IL",40.94782,-90.37124
"Moline, IL",41.5067,-90.51513
"Normal, IL",40.5142,-88.99063
"Pekin, IL",40.56754,-89.64066
"Peoria, IL",40.69365,-89.58899
"Rock Island, IL",41.50948,-90.57875
"Beverly Hills, CA",34.07362,-118.40036
"West Carson, CA",33.82168,-118.29257
"Culver City, CA",34.02112,-118.39647
"Gardena, CA",33.88835,-118.30896
"Hawthorne, CA",33.9164,-118.35257
"Inglewood, CA",33.96168,-118.35313
"Lawndale, CA",33.88724,-118.35257
"Lennox, CA",33.93807,-118.35258
"Lomita, CA",33.79224,-118.31507
"Lynwood, CA",33.93029,-118.21146
"Manhattan Beach, CA",33.88474,-118.41091
"Rancho Palos Verdes, CA",33.74446,-118.38702
"Redondo Beach, CA",33.84918,-118.38841
"Santa Monica, CA",34.01945,-118.49119
"Torrance, CA",33.83585,-118.34063
"West Carson, CA",33.82168,-118.29257
"West Chicago, IL",41.88475,-88.20396
"Allen Park, MI",42.25754,-83.21104
"Dearborn, MI",42.32226,-83.17631
"Dearborn Heights, MI",42.33698,-83.27326
"Detroit, MI",42.33143,-83.04575
"Hamtramck, MI",42.39282,-83.04964
"Inkster, MI",42.2942,-83.30993
"Lincoln Park, MI",42.25059,-83.17854
"Redford, MI",42.38337,-83.2966
"Taylor, MI",42.24087,-83.26965
"Kirkwood, MO",38.58339,-90.40678
"Maryland Heights, MO",38.71311,-90.42984
"Mehlville, MO",38.50839,-90.32289
"Oakville, MO",38.47005,-90.30456
"Spanish Lake, MO",38.78783,-90.21594
"St. Louis, MO",38.62727,-90.19789
"University City, MO",38.65588,-90.30928
"Webster Groves, MO",38.59255,-90.35734
"Affton, MO",38.55061,-90.33317
"Ferguson, MO",38.74422,-90.30539
"Florissant, MO",38.78922,-90.32261
"Hazelwood, MO",38.77144,-90.37095
"Auburn, NY",42.93173,-76.56605
"Rome, NY",43.21285,-75.45573
"Syracuse, NY",43.04812,-76.14742
"Utica, NY",43.1009,-75.23266
"Watertown, NY",43.97478,-75.91076
"Wichita, KS",37.69224,-97.33754
"Carmel, IN",39.97837,-86.11804
"Fishers, IN",39.95559,-86.01387
"Greenwood, IN",39.61366,-86.10665
"Indianapolis, IN",39.76838,-86.15804
"Lawrence, IN",39.83865,-86.02526
"Noblesville, IN",40.04559,-86.0086
"Alexandria, LA",31.31129,-92.44514
"Bossier City, LA",32.51599,-93.73212
"West Monroe, LA",32.51848,-92.14764
"Ruston, LA",32.52321,-92.63793
"Shreveport, LA",32.52515,-93.75018
"Burlington, IA",40.80754,-91.11292
"Cedar Falls, IA",42.52776,-92.44547
"Cedar Rapids, IA",42.00833,-91.64407
"Iowa City, IA",41.66113,-91.53017
"Marion, IA",42.03417,-91.59768
"Waterloo, IA",42.49276,-92.34296
"Saint Cloud, MN",45.5608,-94.16249
"Altamonte Springs, FL",28.66111,-81.36562
"South Apopka, FL",28.66194,-81.50952
"Casselberry, FL",28.67778,-81.32785
"Kissimmee, FL",28.30468,-81.41667
"West Melbourne, FL",28.07168,-80.65339
"Merritt Island, FL",28.53917,-80.672
"Oak Ridge, FL",28.47112,-81.42452
"Ocoee, FL",28.56917,-81.54396
"Orlando, FL",28.53834,-81.37924
"Oviedo, FL",28.67,-81.20812
"Palm Bay, FL",28.03446,-80.58866
"Pine Hills, FL",28.55778,-81.4534
"Rockledge, FL",28.35084,-80.72533
"Sanford, FL",28.80055,-81.27312
"Saint Cloud, FL",28.2489,-81.28118
"Titusville, FL",28.61222,-80.80755
"University Park, FL",25.74649,-80.36755
"Wekiwa Springs, FL",28.69861,-81.42563
"Winter Park, FL",28.6,-81.33924
"Winter Springs, FL",28.69889,-81.30812
"Bell, CA",33.97751,-118.18702
"Bell Gardens, CA",33.96529,-118.15146
"Cudahy, CA",33.96057,-118.18535
"East Los Angeles, CA",34.0239,-118.17202
"Florence-Graham, CA",33.96772,-118.24438
"Huntington Park, CA",33.98168,-118.22507
"Maywood, CA",33.98668,-118.18535
"Montebello, CA",34.00946,-118.10535
"South Gate, CA",33.95474,-118.21202
"West Hollywood, CA",34.09001,-118.36174
"Westmont, CA",33.9414,-118.3023
"Abilene, TX",32.44874,-99.73314
"San Angelo, TX",31.46377,-100.43704
"Akron, OH",41.08144,-81.51901
"Alliance, OH",40.91534,-81.10593
"Austintown, OH",41.10172,-80.76452
"Barberton, OH",41.01283,-81.60512
"Boardman, OH",41.02423,-80.66285
"Brunswick, OH",41.23811,-81.8418
"North Canton, OH",40.87589,-81.40234
"Cuyahoga Falls, OH",41.13394,-81.48456
"Green, OH",40.94589,-81.48317
"Hudson, OH",41.24006,-81.44067
"Kent, OH",41.15367,-81.35789
"Massillon, OH",40.79672,-81.52151
"Medina, OH",41.13839,-81.86375
"Niles, OH",41.18284,-80.76536
"Stow, OH",41.1595,-81.44039
"Warren, OH",41.23756,-80.81842
"Wooster, OH",40.80517,-81.93646
"Youngstown, OH",41.09978,-80.64952
"Addison, IL",41.9317,-87.98896
"North Aurora, IL",41.80614,-88.3273
"Bartlett, IL",41.99503,-88.18563
"Batavia, IL",41.85003,-88.31257
"Bensenville, IL",41.95503,-87.94007
"Bloomingdale, IL",41.95753,-88.0809
"Bolingbrook, IL",41.69864,-88.0684
"Carol Stream, IL",41.91253,-88.13479
"Darien, IL",41.75198,-87.97395
"Downers Grove, IL",41.80892,-88.01117
"Elmhurst, IL",41.89947,-87.94034
"Glen Ellyn, IL",41.87753,-88.06701
"Glendale Heights, IL",41.91031,-88.07174
"Hanover Park, IL",41.99947,-88.14507
"Lisle, IL",41.80114,-88.07479
"Lombard, IL",41.88003,-88.00784
"Naperville, IL",41.78586,-88.14729
"Roselle, IL",41.98475,-88.07979
"Saint Charles, IL",41.91419,-88.30869
"Streamwood, IL",42.02558,-88.17841
"Villa Park, IL",41.88975,-87.98895
"West Chicago, IL",41.88475,-88.20396
"Westmont, IL",41.79586,-87.97562
"Wheaton, IL",41.86614,-88.10701
"Woodridge, IL",41.74697,-88.05034
"Auburn, AL",32.60986,-85.48078
"Dothan, AL",31.22323,-85.39049
"Enterprise, AL",31.31517,-85.85522
"Montgomery, AL",32.36681,-86.29997
"Opelika, AL",32.64541,-85.37828
"Phenix City, AL",32.47098,-85.00077
"Prattville, AL",32.46402,-86.4597
"Selma, AL",32.40736,-87.0211
"Asheboro, NC",35.70791,-79.81364
"Burlington, NC",36.09569,-79.4378
"Greensboro, NC",36.07264,-79.79198
"High Point, NC",35.95569,-80.00532
"Winston-Salem, NC",36.09986,-80.24422
"Lafayette, LA",30.22409,-92.01984
"Lake Charles, LA",30.21309,-93.2044
"New Iberia, LA",30.00354,-91.81873
"Opelousas, LA",30.53353,-92.08151
"Sulphur, LA",30.23659,-93.37738
"Arlington, MA",42.41537,-71.15644
"Braintree, MA",42.22232,-70.99949
"Burlington, MA",42.50482,-71.19561
"Dedham, MA",42.24177,-71.16616
"Lexington, MA",42.44732,-71.2245
"Lynn, MA",42.46676,-70.94949
"Malden, MA",42.4251,-71.06616
"Marblehead, MA",42.5001,-70.85783
"Medford, MA",42.41843,-71.10616
"Melrose, MA",42.45843,-71.06616
"Needham, MA",42.28343,-71.23283
"Norwood, MA",42.19454,-71.1995
"Randolph, MA",42.1626,-71.04116
"Reading, MA",42.52565,-71.09533
"Revere, MA",42.40843,-71.01199
"Saugus, MA",42.46482,-71.01005
"Stoneham, MA",42.4801,-71.0995
"Wakefield, MA",42.50648,-71.07283
"Waltham, MA",42.37649,-71.23561
"Wellesley, MA",42.29649,-71.29256
"Weymouth, MA",42.22093,-70.93977
"Winchester, MA",42.45232,-71.137
"Woburn, MA",42.47926,-71.15228
"Alvin, TX",29.42385,-95.2441
"Atascocita, TX",29.99883,-95.1766
"Baytown, TX",29.7355,-94.97743
"Channelview, TX",29.77606,-95.11465
"Cloverleaf, TX",29.77828,-95.17188
"Deer Park, TX",29.70523,-95.12382
"Friendswood, TX",29.5294,-95.20104
"South Houston, TX",29.66301,-95.23549
"La Porte, TX",29.66578,-95.01937
"League City, TX",29.50745,-95.09493
"Mission Bend, TX",29.69384,-95.66495
"Missouri City, TX",29.61857,-95.53772
"Pasadena, TX",29.69106,-95.2091
"Pearland, TX",29.56357,-95.28605
"Rosenberg, TX",29.55718,-95.80856
"Spring, TX",30.07994,-95.41716
"Sugar Land, TX",29.61968,-95.63495
"The Woodlands, TX",30.15799,-95.48938
"The Bronx, NY",40.84985,-73.86641
"Brooklyn, NY",40.6501,-73.94958
"New York City, NY",40.71427,-74.00597
"Borough of Queens, NY",40.68149,-73.83652
"Staten Island, NY",40.56233,-74.13986
"Beverly, MA",42.55843,-70.88005
"Chelmsford, MA",42.59981,-71.36728
"Danvers, MA",42.57509,-70.93005
"Fitchburg, MA",42.58342,-71.8023
"Gardner, MA",42.57509,-71.99813
"Gloucester, MA",42.61593,-70.66199
"Haverhill, MA",42.7762,-71.07728
"Lawrence, MA",42.70704,-71.16311
"Leominster, MA",42.52509,-71.75979
"Lowell, MA",42.63342,-71.31617
"Methuen, MA",42.7262,-71.19089
"South Peabody, MA",42.50982,-70.94949
"Salem, MA",42.51954,-70.89672
"Wilmington, MA",42.54648,-71.17367
"Gainesville, FL",29.65163,-82.32483
"Oakland Park, FL",26.17231,-80.13199
"Ocala, FL",29.1872,-82.14009
"Spring Hill, FL",28.47688,-82.52546
"Bellingham, WA",48.75955,-122.48822
"Bremerton, WA",47.56732,-122.63264
"Lacey, WA",47.03426,-122.82319
"Longview, WA",46.13817,-122.93817
"Marysville, WA",48.05176,-122.17708
"Mount Vernon, WA",48.42122,-122.33405
"Marysville, WA",48.05176,-122.17708
"Olympia, WA",47.03787,-122.9007
"Vancouver, WA",45.63873,-122.66149
"Corpus Christi, TX",27.80058,-97.39638
"Kingsville, TX",27.51587,-97.85611
"Victoria, TX",28.80527,-97.0036
"Bowling Green, KY",36.99032,-86.4436
"Elizabethtown, KY",37.69395,-85.85913
"Henderson, KY",37.83615,-87.59001
"Hopkinsville, KY",36.86561,-87.49117
"Owensboro, KY",37.77422,-87.11333
"Paducah, KY",37.08339,-88.60005
"Radcliff, KY",37.84035,-85.94913
"American Fork, UT",40.3769,-111.79576
"West Bountiful, UT",40.89383,-111.90188
"Clearfield, UT",41.11078,-112.02605
"Cottonwood Heights, UT",40.61967,-111.81021
"Draper, UT",40.52467,-111.86382
"East Millcreek, UT",40.69995,-111.81049
"Kaysville, UT",41.03522,-111.93855
"Kearns, UT",40.65995,-111.99633
"Layton, UT",41.06022,-111.97105
"Magna, UT",40.70911,-112.10161
"Midvale, UT",40.61106,-111.89994
"Millcreek, UT",40.68689,-111.87549
"Murray, UT",40.66689,-111.88799
"South Ogden, UT",41.19189,-111.97133
"Orem, UT",40.2969,-111.69465
"Pleasant Grove, UT",40.36412,-111.73854
"Provo, UT",40.23384,-111.65853
"Riverton, UT",40.52189,-111.9391
"Roy, UT",41.16161,-112.02633
"Salt Lake City, UT",40.76078,-111.89105
"Sandy City, UT",40.59161,-111.8841
"South Jordan, UT",40.56217,-111.92966
"South Salt Lake, UT",40.71884,-111.88827
"Spanish Fork, UT",40.11496,-111.65492
"Springville, UT",40.16523,-111.61075
"Taylorsville, UT",40.66772,-111.93883
"West Jordan, UT",40.60967,-111.9391
"West Valley City, UT",40.69161,-112.00105
"Daytona Beach, FL",29.21081,-81.02283
"DeLand, FL",29.02832,-81.30312
"Deltona, FL",28.90054,-81.26367
"New Smyrna Beach, FL",29.02582,-80.927
"Ormond Beach, FL",29.28581,-81.05589
"Palm Coast, FL",29.58497,-81.20784
"Port Orange, FL",29.13832,-80.99561
"Bristol, RI",41.67705,-71.26616
"Cranston, RI",41.77982,-71.43728
"East Providence, RI",41.81371,-71.37005
"Newport East, RI",41.51579,-71.28752
"North Providence, RI",41.8501,-71.46617
"Pawtucket, RI",41.87871,-71.38256
"Providence, RI",41.82399,-71.41283
"West Warwick, RI",41.69689,-71.52194
"West Warwick, RI",41.69689,-71.52194
"Woonsocket, RI",42.00288,-71.51478
"Bellevue, NE",41.13667,-95.89084
"Columbus, NE",41.42973,-97.36838
"Fremont, NE",41.43333,-96.49808
"Hastings, NE",40.58612,-98.38839
"Lincoln, NE",40.8,-96.66696
"Norfolk, NE",42.02834,-97.417
"Omaha, NE",41.25861,-95.93779
"Atlanta, GA",33.749,-84.38798
"Candler-McAfee, GA",33.72672,-84.27246
"College Park, GA",33.65344,-84.44937
"College Park, GA",33.65344,-84.44937
"East Point, GA",33.67955,-84.43937
"Forest Park, GA",33.62205,-84.36909
"Atlanta, GA",33.749,-84.38798
"Sandy Springs, GA",33.92427,-84.37854
"Tucker, GA",33.85455,-84.21714
"Bethany, OK",35.51867,-97.63226
"Del City, OK",35.44201,-97.44087
"Edmond, OK",35.65283,-97.4781
"Midwest City, OK",35.44951,-97.3967
"Moore, OK",35.33951,-97.4867
"Norman, OK",35.22257,-97.43948
"Oklahoma City, OK",35.46756,-97.51643
"Shawnee, OK",35.32729,-96.9253
"Stillwater, OK",36.11561,-97.05837
"Yukon, OK",35.50672,-97.76254
"Billings, MT",45.78329,-108.50069
"Bozeman, MT",45.67965,-111.03856
"Butte, MT",46.00382,-112.53474
"Great Falls, MT",47.50024,-111.30081
"Helena, MT",46.59271,-112.03611
"Missoula, MT",46.87215,-113.994
"Altamonte Springs, FL",28.66111,-81.36562
"South Apopka, FL",28.66194,-81.50952
"Casselberry, FL",28.67778,-81.32785
"Kissimmee, FL",28.30468,-81.41667
"Oak Ridge, FL",28.47112,-81.42452
"Ocoee, FL",28.56917,-81.54396
"Orlando, FL",28.53834,-81.37924
"Oviedo, FL",28.67,-81.20812
"Pine Hills, FL",28.55778,-81.4534
"Sanford, FL",28.80055,-81.27312
"Saint Cloud, FL",28.2489,-81.28118
"University Park, FL",25.74649,-80.36755
"Wekiwa Springs, FL",28.69861,-81.42563
"Winter Park, FL",28.6,-81.33924
"Winter Springs, FL",28.69889,-81.30812
"Campbell, CA",37.28717,-121.94996
"Gilroy, CA",37.00578,-121.56828
"Los Gatos, CA",37.22661,-121.97468
"Milpitas, CA",37.42827,-121.90662
"Morgan Hill, CA",37.1305,-121.65439
"San Jose, CA",37.33939,-121.89496
"Santa Clara, CA",37.35411,-121.95524
"Saratoga, CA",37.26383,-122.02301
"Sunnyvale, CA",37.36883,-122.03635
"Beaumont, TX",30.08605,-94.10185
"Galveston, TX",29.30135,-94.7977
"Port Arthur, TX",29.88519,-93.94233
"Texas City, TX",29.38385,-94.9027
"Annapolis, MD",38.97845,-76.49218
"Arbutus, MD",39.25455,-76.69997
"Arnold, MD",39.03206,-76.50274
"Baltimore, MD",39.29038,-76.61219
"Bel Air North, MD",39.55429,-76.37309
"Bel Air South, MD",39.50506,-76.31977
"Carney, MD",39.39427,-76.52358
"Catonsville, MD",39.27205,-76.73192
"Columbia, MD",39.24038,-76.83942
"Crofton, MD",39.00178,-76.68747
"Dundalk, MD",39.25066,-76.52052
"Edgewood, MD",39.41872,-76.2944
"Eldersburg, MD",39.40371,-76.95026
"West Elkridge, MD",39.20705,-76.72692
"Ellicott City, MD",39.26733,-76.79831
"Essex, MD",39.30927,-76.47496
"Glen Burnie, MD",39.16261,-76.62469
"Lochearn, MD",39.34066,-76.72219
"Middle River, MD",39.33427,-76.43941
"Milford Mill, MD",39.34788,-76.76997
"Odenton, MD",39.084,-76.70025
"Parkville, MD",39.37733,-76.53969
"Perry Hall, MD",39.41261,-76.46357
"Pikesville, MD",39.37427,-76.72247
"Randallstown, MD",39.36733,-76.79525
"Reisterstown, MD",39.46976,-76.8319
"Salisbury, MD",38.36067,-75.59937
"Severn, MD",39.13705,-76.6983
"Severna Park, MD",39.07039,-76.54524
"South Gate, MD",39.129,-76.6258
"Towson, MD",39.4015,-76.60191
"Bethel Park, PA",40.32757,-80.0395
"McKeesport, PA",40.34785,-79.86422
"Mount Lebanon, PA",40.35535,-80.0495
"Monroeville, PA",40.42118,-79.7881
"Penn Hills, PA",40.50118,-79.83922
"Pittsburgh, PA",40.44062,-79.99589
"Plum, PA",40.50035,-79.74949
"Upper Saint Clair, PA",40.3359,-80.08339
"West Mifflin, PA",40.3634,-79.86644
"Agawam, MA",42.06954,-72.61481
"North Chicopee, MA",42.18343,-72.59953
"Holyoke, MA",42.20426,-72.6162
"Northampton, MA",42.32509,-72.6412
"Pittsfield, MA",42.45008,-73.24538
"West Springfield, MA",42.10704,-72.62037
"West Springfield, MA",42.10704,-72.62037
"Westfield, MA",42.12509,-72.74954
"Franklin, WI",42.88863,-88.03842
"Greenfield, WI",42.9614,-88.01259
"South Milwaukee, WI",42.91057,-87.86064
"Oak Creek, WI",42.88585,-87.86314
"South Milwaukee, WI",42.91057,-87.86064
"Wauwatosa, WI",43.04946,-88.00759
"West Allis, WI",43.01668,-88.00703
"Novato, CA",38.10742,-122.5697
"San Anselmo, CA",37.97465,-122.56164
"South San Francisco, CA",37.65466,-122.40775
"San Rafael, CA",37.97353,-122.53109
"Joplin, MO",37.08423,-94.51328
"Springfield, MO",37.21533,-93.29824
"Ashland, OH",40.86867,-82.31822
"Bowling Green, OH",41.37477,-83.65132
"Findlay, OH",41.04422,-83.64993
"Lima, OH",40.74255,-84.10523
"Mansfield, OH",40.75839,-82.51545
"Sandusky, OH",41.44894,-82.70796
"Toledo, OH",41.66394,-83.55521
"Bristol, TN",36.59511,-82.18874
"East Chattanooga, TN",35.06535,-85.24912
"South Cleveland, TN",35.14119,-84.87217
"East Ridge, TN",35.01424,-85.2519
"Johnson City, TN",36.31344,-82.35347
"Kingsport, TN",36.54843,-82.56182
"Morristown, TN",36.21398,-83.29489
"Beverly Hills, CA",34.07362,-118.40036
"West Carson, CA",33.82168,-118.29257
"Culver City, CA",34.02112,-118.39647
"Gardena, CA",33.88835,-118.30896
"Hawthorne, CA",33.9164,-118.35257
"Inglewood, CA",33.96168,-118.35313
"Lawndale, CA",33.88724,-118.35257
"Lennox, CA",33.93807,-118.35258
"Lomita, CA",33.79224,-118.31507
"Lynwood, CA",33.93029,-118.21146
"Manhattan Beach, CA",33.88474,-118.41091
"Rancho Palos Verdes, CA",33.74446,-118.38702
"Redondo Beach, CA",33.84918,-118.38841
"Santa Monica, CA",34.01945,-118.49119
"Torrance, CA",33.83585,-118.34063
"West Carson, CA",33.82168,-118.29257
"Bellevue, WA",47.61038,-122.20068
"Bothell, WA",47.76232,-122.2054
"Fairwood, WA",47.76684,-117.41744
"Cottage Lake, WA",47.74427,-122.07735
"Edmonds, WA",47.81065,-122.37736
"Everett, WA",47.97898,-122.20208
"Inglewood-Finn Hill, WA",47.72049,-122.23167
"Kirkland, WA",47.68149,-122.20874
"Lynnwood, WA",47.82093,-122.31513
"Mountlake Terrace, WA",47.78815,-122.30874
"North Creek, WA",47.81954,-122.17624
"Redmond, WA",47.67399,-122.12151
"Renton, WA",47.48288,-122.21707
"City of Sammamish, WA",47.60444,-122.03768
"Big Spring, TX",32.2504,-101.47874
"Midland, TX",31.99735,-102.07791
"West Odessa, TX",31.84235,-102.49876
"Charlottesville, VA",38.02931,-78.47668
"Danville, VA",36.58597,-79.39502
"West Lynchburg, VA",37.4032,-79.17808
"Cedar City, UT",37.67748,-113.06189
"North Logan, UT",41.76937,-111.80467
"Saint George, UT",37.10415,-113.58412
"Tooele, UT",40.53078,-112.29828
"Ashtabula, OH",41.86505,-80.78981
"Eastlake, OH",41.65394,-81.45039
"Elyria, OH",41.36838,-82.10765
"Lorain, OH",41.45282,-82.18237
"Mentor, OH",41.66616,-81.33955
"North Olmsted, OH",41.4156,-81.92347
"North Ridgeville, OH",41.38949,-82.01903
"North Royalton, OH",41.31366,-81.72457
"Parma, OH",41.40477,-81.72291
"Parma Heights, OH",41.39005,-81.75958
"Rocky River, OH",41.4756,-81.8393
"Solon, OH",41.38978,-81.44123
"Strongsville, OH",41.3145,-81.83569
"Westlake, OH",41.45532,-81.91792
"Willoughby, OH",41.63977,-81.4065
"La Quinta, CA",33.66336,-116.31001
"Oceanside, CA",33.19587,-117.37948
"Palm Desert, CA",33.72255,-116.37697
"Palm Springs, CA",33.8303,-116.54529
"Ridgecrest, CA",35.62246,-117.6709
"San Marcos, CA",33.14337,-117.16614
"Victorville, CA",34.53611,-117.29116
"Vista, CA",33.20004,-117.24254
"Apple Valley, CA",34.50083,-117.18588
"Barstow, CA",34.89859,-117.02282
"Brawley, CA",32.97866,-115.53027
"Calexico, CA",32.67895,-115.49888
"Carlsbad, CA",33.15809,-117.35059
"Cathedral City, CA",33.77974,-116.46529
"Coachella, CA",33.6803,-116.17389
"El Centro, CA",32.792,-115.56305
"Encinitas, CA",33.03699,-117.29198
"Escondido, CA",33.11921,-117.08642
"Fallbrook, CA",33.37642,-117.25115
"Hesperia, CA",34.42639,-117.30088
"Indio, CA",33.7207,-116.21677
"Annapolis, MD",38.97845,-76.49218
"Arbutus, MD",39.25455,-76.69997
"Arnold, MD",39.03206,-76.50274
"Baltimore, MD",39.29038,-76.61219
"Bel Air North, MD",39.55429,-76.37309
"Bel Air South, MD",39.50506,-76.31977
"Carney, MD",39.39427,-76.52358
"Catonsville, MD",39.27205,-76.73192
"Columbia, MD",39.24038,-76.83942
"Crofton, MD",39.00178,-76.68747
"Dundalk, MD",39.25066,-76.52052
"Edgewood, MD",39.41872,-76.2944
"Eldersburg, MD",39.40371,-76.95026
"West Elkridge, MD",39.20705,-76.72692
"Ellicott City, MD",39.26733,-76.79831
"Essex, MD",39.30927,-76.47496
"Glen Burnie, MD",39.16261,-76.62469
"Lochearn, MD",39.34066,-76.72219
"Middle River, MD",39.33427,-76.43941
"Milford Mill, MD",39.34788,-76.76997
"Odenton, MD",39.084,-76.70025
"Parkville, MD",39.37733,-76.53969
"Perry Hall, MD",39.41261,-76.46357
"Pikesville, MD",39.37427,-76.72247
"Randallstown, MD",39.36733,-76.79525
"Reisterstown, MD",39.46976,-76.8319
"Salisbury, MD",38.36067,-75.59937
"Severn, MD",39.13705,-76.6983
"Severna Park, MD",39.07039,-76.54524
"South Gate, MD",39.129,-76.6258
"Towson, MD",39.4015,-76.60191
"Albany, OR",44.63651,-123.10593
"North Bend, OR",43.4065,-124.22428
"Corvallis, OR",44.56457,-123.26204
"Gresham, OR",45.49818,-122.43148
"Grants Pass, OR",42.43933,-123.33067
"Medford, OR",42.32652,-122.87559
"Roseburg North, OR",43.26452,-123.30331
"Springfield, OR",44.04624,-123.02203
"Allen, TX",33.10317,-96.67055
"Carrollton, TX",32.95373,-96.89028
"Cedar Hill, TX",32.58847,-96.95612
"Coppell, TX",32.95457,-97.01501
"Dallas, TX",32.78306,-96.80667
"DeSoto, TX",32.58986,-96.85695
"Duncanville, TX",32.6518,-96.90834
"Farmers Branch, TX",32.92651,-96.89612
"Flower Mound, TX",33.01457,-97.09696
"Frisco, TX",33.15067,-96.82361
"Garland, TX",32.91262,-96.63888
"Grand Prairie, TX",32.74596,-96.99778
"Irving, TX",32.81402,-96.94889
"Lancaster, TX",32.59208,-96.75611
"Lewisville, TX",33.04623,-96.99417
"McKinney, TX",33.19762,-96.61527
"Mesquite, TX",32.7668,-96.59916
"Plano, TX",33.01984,-96.69889
"Richardson, TX",32.94818,-96.72972
"Rowlett, TX",32.9029,-96.56388
"The Colony, TX",33.08901,-96.88639
"University Park, TX",32.85013,-96.80028
"Waxahachie, TX",32.38653,-96.84833
"Macon, GA",32.84069,-83.6324
"Warner Robins, GA",32.62098,-83.5999
"Fayetteville, AR",36.06258,-94.15743
"Fort Smith, AR",35.38592,-94.39855
"Rogers, AR",36.33202,-94.11854
"Russellville, AR",35.27842,-93.13379
"Springdale, AR",36.18674,-94.12881
"Apache Junction, AZ",33.41505,-111.54958
"Chandler, AZ",33.30616,-111.84125
"Fountain Hills, AZ",33.61171,-111.71736
"Gilbert, AZ",33.35283,-111.78903
"Mesa, AZ",33.41253,-111.83189
"Scottsdale, AZ",33.50921,-111.89903
"Tempe, AZ",33.41477,-111.90931
"Allentown, PA",40.60843,-75.49018
"Bethlehem, PA",40.62593,-75.37046
"West Chester, PA",39.96097,-75.60804
"Drexel Hill, PA",39.94706,-75.29213
"Easton, PA",40.68843,-75.22073
"Norristown, PA",40.1215,-75.3399
"Pottstown, PA",40.24537,-75.64963
"Radnor, PA",40.04622,-75.35991
"Reading, PA",40.33565,-75.92687
"Springfield, PA",39.93067,-75.32019
"Benton, AR",34.56454,-92.58683
"Conway, AR",35.0887,-92.4421
"Hot Springs, AR",34.5037,-93.05518
"Jacksonville, AR",34.8662,-92.11015
"North Little Rock, AR",34.76954,-92.26709
"North Little Rock, AR",34.76954,-92.26709
"Sherwood, AR",34.81509,-92.22432
"Frankfort, KY",38.20091,-84.87328
"Louisville, KY",38.25424,-85.75941
"Aloha, OR",45.49428,-122.86705
"Beaverton, OR",45.48706,-122.80371
"Gresham, OR",45.49818,-122.43148
"Hillsboro, OR",45.52289,-122.98983
"Keizer, OR",44.99012,-123.02621
"Lake Oswego, OR",45.42067,-122.67065
"McMinnville, OR",45.21012,-123.19872
"Milwaukie, OR",45.44623,-122.63926
"Oregon City, OR",45.35734,-122.60676
"Portland, OR",45.52345,-122.67621
"Salem, OR",44.9429,-123.0351
"Tigard, OR",45.43123,-122.77149
"Tualatin, OR",45.38401,-122.76399
"West Linn, OR",45.36568,-122.61231
"Woodburn, OR",45.14373,-122.85537
"Chalmette, LA",29.94296,-89.96537
"Harvey, LA",29.90354,-90.07729
"Kenner, LA",29.99409,-90.24174
"Marrero, LA",29.89937,-90.10035
"Metairie, LA",29.98409,-90.15285
"New Orleans, LA",29.95465,-90.07507
"Terrytown, LA",29.91021,-90.03257
"Albuquerque, NM",35.08449,-106.65114
"Farmington, NM",36.72806,-108.21869
"Gallup, NM",35.52808,-108.74258
"Rio Rancho, NM",35.23338,-106.66447
"Santa Fe, NM",35.68698,-105.9378
"South Valley, NM",35.01005,-106.67808
"Austin, MN",43.66663,-92.97464
"Faribault, MN",44.29496,-93.26883
"North Mankato, MN",44.1733,-94.03385
"Owatonna, MN",44.08385,-93.22604
"Rochester, MN",44.02163,-92.4699
"Winona, MN",44.04996,-91.63932
"Attleboro, MA",41.94454,-71.28561
"Barnstable, MA",41.70011,-70.29947
"Brockton, MA",42.08343,-71.01838
"Fall River, MA",41.70149,-71.15505
"Framingham, MA",42.27926,-71.41617
"Franklin, MA",42.08343,-71.39673
"Marlborough, MA",42.34593,-71.55229
"Milford, MA",42.13982,-71.51617
"New Bedford, MA",41.63622,-70.93421
"Taunton, MA",41.9001,-71.08977
"Worcester, MA",42.26259,-71.80229
"Kennewick, WA",46.21125,-119.13723
"Opportunity, WA",47.64995,-117.23991
"Pasco, WA",46.23958,-119.10057
"Pullman, WA",46.73127,-117.17962
"West Richland, WA",46.3043,-119.36141
"Spokane, WA",47.65966,-117.42908
"Walla Walla, WA",46.06458,-118.34302
"Wenatchee, WA",47.42346,-120.31035
"Yakima, WA",46.60207,-120.5059
"Alameda, CA",37.76521,-122.24164
"Berkeley, CA",37.87159,-122.27275
"Castro Valley, CA",37.6941,-122.08635
"El Cerrito, CA",33.84057,-117.52283
"Fremont, CA",37.54827,-121.98857
"Hayward, CA",37.66882,-122.0808
"Newark, CA",37.52966,-122.04024
"Oakland, CA",37.80437,-122.2708
"Richmond, CA",37.93576,-122.34775
"San Leandro, CA",37.72493,-122.15608
"San Lorenzo, CA",37.68104,-122.12441
"San Pablo, CA",37.96215,-122.34553
"Union City, CA",37.59577,-122.01913
"Austin, TX",30.26715,-97.74306
"Cedar Park, TX",30.5052,-97.82029
"Georgetown, TX",30.63269,-97.67723
"Round Rock, TX",30.50826,-97.6789
"San Marcos, TX",29.88327,-97.94139
"Cincinnati, OH",39.162,-84.45689
"Fairfield, OH",39.34589,-84.5605
"Hamilton, OH",39.3995,-84.56134
"Mason, OH",39.36006,-84.30994
"Middletown, OH",39.51506,-84.39828
"Norwood, OH",39.15561,-84.45966
"Oxford, OH",39.507,-84.74523
"Ames, IA",42.03471,-93.61994
"Ankeny, IA",41.72971,-93.60577
"West Des Moines, IA",41.57721,-93.71133
"Fort Dodge, IA",42.49747,-94.16802
"Urbandale, IA",41.62666,-93.71217
"West Des Moines, IA",41.57721,-93.71133
"Baldwin, NY",40.65649,-73.6093
"East Meadow, NY",40.71399,-73.55902
"Elmont, NY",40.70094,-73.71291
"Franklin Square, NY",40.70732,-73.67596
"Freeport, NY",40.6576,-73.58318
"Garden City, NY",40.72677,-73.6343
"Glen Cove, NY",40.86232,-73.63374
"West Hempstead, NY",40.70482,-73.65013
"Hicksville, NY",40.76843,-73.52513
"Levittown, NY",40.72593,-73.51429
"Long Beach, NY",40.58844,-73.65791
"North Massapequa, NY",40.70093,-73.46207
"North Merrick, NY",40.69121,-73.56318
"North Bellmore, NY",40.69149,-73.53346
"Oceanside, NY",40.63871,-73.64013
"Plainview, NY",40.77649,-73.46735
"Rockville Centre, NY",40.65871,-73.64124
"Uniondale, NY",40.70038,-73.59291
"Valley Stream, NY",40.66427,-73.70846
"Adrian, MI",41.89755,-84.03717
"Clinton, MI",42.58698,-82.91992
"East Lansing, MI",42.73698,-84.48387
"Jackson, MI",42.24587,-84.40135
"Lansing, MI",42.73253,-84.55553
"Okemos, MI",42.72226,-84.42747
"West Albany, NY",42.68313,-73.77845
"Rotterdam, NY",42.78702,-73.97096
"Saratoga Springs, NY",43.08313,-73.78457
"Schenectady, NY",42.81424,-73.93957
"Troy, NY",42.72841,-73.69179
"Casa Grande, AZ",32.8795,-111.75735
"Catalina Foothills, AZ",32.29785,-110.9187
"Drexel Heights, AZ",32.14119,-111.02843
"Nogales, AZ",31.34038,-110.93425
"Oro Valley, AZ",32.39091,-110.96649
"Sierra Vista, AZ",31.55454,-110.30369
"Tucson, AZ",32.22174,-110.92648
"Chico, CA",39.72849,-121.83748
"Davis, CA",38.54491,-121.74052
"Paradise, CA",39.75961,-121.62192
"Redding, CA",40.58654,-122.39168
"South Lake Tahoe, CA",38.93324,-119.98435
"Woodland, CA",38.67852,-121.7733
"Yuba City, CA",39.14045,-121.61691
"Bellevue, NE",41.13667,-95.89084
"Columbus, NE",41.42973,-97.36838
"Fremont, NE",41.43333,-96.49808
"Hastings, NE",40.58612,-98.38839
"Lincoln, NE",40.8,-96.66696
"Norfolk, NE",42.02834,-97.417
"Omaha, NE",41.25861,-95.93779
"Bartlesville, OK",36.74731,-95.98082
"Broken Arrow, OK",36.0526,-95.79082
"Muskogee, OK",35.74788,-95.36969
"Tulsa, OK",36.15398,-95.99277
"Blacksburg, VA",37.22957,-80.41394
"Cave Spring, VA",37.22764,-80.01282
"Harrisonburg, VA",38.44957,-78.86892
"Roanoke, VA",37.27097,-79.94143
"Salem, VA",37.29347,-80.05476
"Staunton, VA",38.14991,-79.0732
"Winchester, VA",39.18566,-78.16333
"Albany, OR",44.63651,-123.10593
"North Bend, OR",43.4065,-124.22428
"Corvallis, OR",44.56457,-123.26204
"Gresham, OR",45.49818,-122.43148
"Grants Pass, OR",42.43933,-123.33067
"Medford, OR",42.32652,-122.87559
"Roseburg North, OR",43.26452,-123.30331
"Springfield, OR",44.04624,-123.02203
"Bayonne, NJ",40.66871,-74.11431
"Bergenfield, NJ",40.9276,-73.99736
"Cliffside Park, NJ",40.82149,-73.98764
"Englewood, NJ",40.89288,-73.97264
"Fair Lawn, NJ",40.94038,-74.13181
"Fort Lee, NJ",40.85093,-73.97014
"Hackensack, NJ",40.88593,-74.04347
"Hoboken, NJ",40.74399,-74.03236
"Jersey City, NJ",40.72816,-74.07764
"Kearny, NJ",40.76843,-74.14542
"North Bergen, NJ",40.80427,-74.01208
"Paramus, NJ",40.94454,-74.07542
"Ridgewood, NJ",40.97926,-74.11653
"Teaneck, NJ",40.8976,-74.01597
"Union City, NJ",40.77955,-74.02375
"West New York, NJ",40.78788,-74.01431
"Clovis, CA",36.82523,-119.70292
"Fresno, CA",36.74773,-119.77237
"Hanford, CA",36.32745,-119.64568
"Madera, CA",36.96134,-120.06072
"Porterville, CA",36.06523,-119.01677
"Reedley, CA",36.59634,-119.4504
"Tulare, CA",36.20773,-119.34734
"Visalia, CA",36.33023,-119.29206
"Boca Del Mar, FL",26.34508,-80.14671
"Boca Raton, FL",26.35869,-80.0831
"Boynton Beach, FL",26.52535,-80.06643
"Delray Beach, FL",26.46146,-80.07282
"Jupiter, FL",26.93422,-80.09421
"Lake Worth, FL",26.61708,-80.07231
"Palm Beach Gardens, FL",26.82339,-80.13865
"Riviera Beach, FL",26.77534,-80.0581
"Royal Palm Beach, FL",26.7084,-80.2306
"University Park, FL",25.74649,-80.36755
"Wellington, FL",26.65868,-80.24144
"West Palm Beach, FL",26.71534,-80.05337
"Bellflower, CA",33.88168,-118.11701
"Cerritos, CA",33.85835,-118.06479
"Downey, CA",33.94001,-118.13257
"La Habra, CA",33.93196,-117.94617
"La Mirada, CA",33.91724,-118.01201
"Lakewood, CA",33.85363,-118.13396
"Long Beach, CA",33.76696,-118.18923
"Norwalk, CA",33.90224,-118.08173
"Paramount, CA",33.88946,-118.15979
"Pico Rivera, CA",33.98307,-118.09673
"Seal Beach, CA",33.74141,-118.10479
"South Whittier, CA",33.95015,-118.03917
"West Whittier-Los Nietos, CA",33.976,-118.06909
"Whittier, CA",33.97918,-118.03284
"Bettendorf, IA",41.52448,-90.51569
"Clinton, IA",41.84447,-90.18874
"Davenport, IA",41.52364,-90.57764
"Dubuque, IA",42.50056,-90.66457
"Muscatine, IA",41.42447,-91.04321
"Ashland, OH",40.86867,-82.31822
"Bowling Green, OH",41.37477,-83.65132
"Findlay, OH",41.04422,-83.64993
"Lima, OH",40.74255,-84.10523
"Mansfield, OH",40.75839,-82.51545
"Sandusky, OH",41.44894,-82.70796
"Toledo, OH",41.66394,-83.55521
"Back Mountain, PA",41.33591,-75.99631
"Hazleton, PA",40.95842,-75.97465
"Scranton, PA",41.40916,-75.6649
"Wilkes-Barre, PA",41.24591,-75.88131
"Williamsport, PA",41.24119,-77.00108
"Alexandria, VA",38.80484,-77.04692
"Annandale, VA",38.83039,-77.19637
"Arlington, VA",38.88101,-77.10428
"Burke, VA",38.79345,-77.27165
"Centreville, VA",38.84039,-77.42888
"Chantilly, VA",38.89428,-77.4311
"Dale City, VA",38.63706,-77.31109
"Fairfax, VA",38.84622,-77.30637
"Franconia, VA",38.78206,-77.14637
"Groveton, VA",38.76734,-77.0847
"Herndon, VA",38.96955,-77.3861
"Lake Ridge, VA",38.68789,-77.29776
"Leesburg, VA",39.11566,-77.5636
"Manassas, VA",38.75095,-77.47527
"McLean, VA",38.93428,-77.17748
"Mount Vernon, VA",38.71919,-77.10726
"Oakton, VA",38.88095,-77.30082
"Reston, VA",38.96872,-77.3411
"West Springfield, VA",38.77261,-77.22109
"West Springfield, VA",38.77261,-77.22109
"Cape Girardeau, MO",37.30588,-89.51815
"Columbia, MO",38.95171,-92.33407
"Jefferson City, MO",38.5767,-92.17352
"Elkhart, IN",41.68199,-85.97667
"Goshen, IN",41.58227,-85.83444
"Granger, IN",41.75338,-86.11084
"Mishawaka, IN",41.66199,-86.15862
"South Bend, IN",41.68338,-86.25001
"Alamogordo, NM",32.89953,-105.96027
"Carlsbad, NM",32.42067,-104.22884
"Clovis, NM",34.4048,-103.20523
"Hobbs, NM",32.70261,-103.13604
"Las Cruces, NM",32.31232,-106.77834
"Roswell, NM",33.39437,-104.52491
"Altus, OK",34.63813,-99.33398
"Ardmore, OK",34.17426,-97.14363
"Duncan, OK",34.5023,-97.95781
"Enid, OK",36.39559,-97.87839
"Lawton, OK",34.60869,-98.39033
"Ponca City, OK",36.70698,-97.08559
"Brighton, NY",43.14756,-77.55055
"Irondequoit, NY",43.2134,-77.57972
"Rochester, NY",43.15478,-77.61556
"Clinton, MI",42.58698,-82.91992
"Eastpointe, MI",42.46837,-82.95547
"Roseville, MI",42.49726,-82.93714
"Shelby, MI",42.67087,-83.03298
"Saint Clair Shores, MI",42.49698,-82.88881
"Sterling Heights, MI",42.58031,-83.0302
"Warren, MI",42.47754,-83.0277
"Clinton, MS",32.34153,-90.32176
"West Hattiesburg, MS",31.31906,-89.37506
"Jackson, MS",32.29876,-90.18481
"Meridian, MS",32.36431,-88.70366
"Pearl, MS",32.27459,-90.13203
"Ridgeland, MS",32.42848,-90.13231
"Vicksburg, MS",32.35265,-90.87788
"Phoenix, AZ",33.44838,-112.07404
"East Concord, NH",43.24202,-71.53813
"Derry, NH",42.88064,-71.32729
"Dover, NH",43.19786,-70.87367
"Keene, NH",42.93369,-72.27814
"Manchester, NH",42.99564,-71.45479
"Nashua, NH",42.76537,-71.46757
"Portsmouth, NH",43.07176,-70.76255
"Rochester, NH",43.30453,-70.97562
"Aberdeen, SD",45.4647,-98.48648
"Pierre, SD",44.36832,-100.35097
"Rapid City, SD",44.08054,-103.23101
"Sioux Falls, SD",43.54997,-96.70033
"Watertown, SD",44.89941,-97.11507
"Ashland, KY",38.47841,-82.63794
"Binghamton, NY",42.09869,-75.91797
"Elmira, NY",42.0898,-76.80773
"Ithaca, NY",42.44063,-76.49661
"Beloit, WI",42.50835,-89.03178
"Fitchburg, WI",42.96083,-89.46984
"Janesville, WI",42.68279,-89.01872
"North La Crosse, WI",43.84635,-91.24819
"Madison, WI",43.07305,-89.40123
"Sun Prairie, WI",43.1836,-89.21373
"Atlantic City, NJ",39.36428,-74.42293
"Ewing, NJ",40.26983,-74.79988
"Trenton, NJ",40.21705,-74.74294
"Willingboro, NJ",40.02789,-74.86905
"Allentown, PA",40.60843,-75.49018
"Bethlehem, PA",40.62593,-75.37046
"West Chester, PA",39.96097,-75.60804
"Drexel Hill, PA",39.94706,-75.29213
"Easton, PA",40.68843,-75.22073
"Norristown, PA",40.1215,-75.3399
"Pottstown, PA",40.24537,-75.64963
"Radnor, PA",40.04622,-75.35991
"Reading, PA",40.33565,-75.92687
"Springfield, PA",39.93067,-75.32019
"Crystal, MN",45.03274,-93.36023
"Golden Valley, MN",45.00969,-93.34912
"Minneapolis, MN",44.97997,-93.26384
"Richfield, MN",44.8833,-93.283
"Saint Louis Park, MN",44.9483,-93.34801
"Columbus, OH",39.96118,-82.99879
"Dublin, OH",40.09923,-83.11408
"Gahanna, OH",40.01923,-82.87934
"Grove City, OH",39.88145,-83.09296
"Hilliard, OH",40.0334,-83.15825
"Reynoldsburg, OH",39.95479,-82.81212
"Upper Arlington, OH",39.99451,-83.06241
"Westerville, OH",40.12617,-82.92907
"Brentwood, TN",36.03312,-86.78278
"Franklin, TN",35.92506,-86.86889
"Gallatin, TN",36.38838,-86.44666
"Hendersonville, TN",36.30477,-86.62
"Lebanon, TN",36.20811,-86.2911
"Murfreesboro, TN",35.84562,-86.39027
"Nashville, TN",36.16589,-86.78444
"Smyrna, TN",35.98284,-86.5186
"Forest Hills, MI",42.95947,-85.48975
"Grand Rapids, MI",42.96336,-85.66809
"Holland, MI",42.78752,-86.10893
"Kentwood, MI",42.86947,-85.64475
"Walker, MI",43.00141,-85.76809
"Wyoming, MI",42.91336,-85.70531
"Belmont, MA",42.39593,-71.17867
"Boston, MA",42.33343,-71.04949
"Brookline, MA",42.33176,-71.12116
"Cambridge, MA",42.3751,-71.10561
"Chelsea, MA",42.39176,-71.03283
"Everett, MA",42.40843,-71.05366
"Milton, MA",42.24954,-71.06616
"Newton, MA",42.33704,-71.20922
"Quincy, MA",42.25288,-71.00227
"Somerville, MA",42.3876,-71.0995
"Watertown, MA",42.37093,-71.18283
"East Alton, IL",38.88033,-90.11122
"Belleville, IL",38.52005,-89.98399
"Carbondale, IL",37.72727,-89.21675
"Collinsville, IL",38.67033,-89.98455
"East Saint Louis, IL",38.6245,-90.15094
"Edwardsville, IL",38.81144,-89.95316
"Granite City, IL",38.70144,-90.14872
"O'Fallon, IL",38.59227,-89.91121
"Chula Vista, CA",32.64005,-117.0842
"Coronado, CA",32.68589,-117.18309
"El Cajon, CA",32.79477,-116.96253
"Imperial Beach, CA",32.58394,-117.11308
"La Mesa, CA",32.76783,-117.02308
"La Presa, CA",32.70811,-116.99725
"Lemon Grove, CA",32.74255,-117.03142
"National City, CA",32.67811,-117.0992
"Rancho San Diego, CA",32.74727,-116.9353
"San Diego, CA",32.71533,-117.15726
"Santee, CA",32.83838,-116.97392
"Spring Valley, CA",32.74477,-116.99892
"Dodge City, KS",37.7528,-100.01708
"Emporia, KS",38.4039,-96.18166
"Garden City, KS",37.97169,-100.87266
"Hutchinson, KS",38.06084,-97.92977
"Avondale, AZ",33.4356,-112.3496
"Glendale, AZ",33.53865,-112.18599
"Peoria, AZ",33.5806,-112.23738
"Sun City West, AZ",33.66198,-112.34127
"Sun City West, AZ",33.66198,-112.34127
"Surprise, AZ",33.63059,-112.33322
"Alhambra, CA",34.09529,-118.12701
"Altadena, CA",34.18973,-118.13118
"Arcadia, CA",34.13973,-118.03534
"Azusa, CA",34.13362,-117.90756
"Baldwin Park, CA",34.08529,-117.9609
"West Covina, CA",34.06862,-117.93895
"Duarte, CA",34.13945,-117.97729
"South El Monte, CA",34.05195,-118.04673
"Glendora, CA",34.13612,-117.86534
"Hacienda Heights, CA",33.99307,-117.96868
"La Puente, CA",34.02001,-117.94951
"Monrovia, CA",34.14806,-117.99895
"Monterey Park, CA",34.06251,-118.12285
"South Pasadena, CA",34.11612,-118.15035
"Rosemead, CA",34.08057,-118.07285
"Rowland Heights, CA",33.97612,-117.90534
"South San Gabriel, CA",34.04915,-118.09462
"South El Monte, CA",34.05195,-118.04673
"South Pasadena, CA",34.11612,-118.15035
"South San Jose Hills, CA",34.01279,-117.90478
"Temple City, CA",34.10723,-118.05785
"Valinda, CA",34.04529,-117.94367
"Walnut, CA",34.02029,-117.86534
"West Covina, CA",34.06862,-117.93895
"West Puente Valley, CA",34.05168,-117.9684
"Novato, CA",38.10742,-122.5697
"San Anselmo, CA",37.97465,-122.56164
"South San Francisco, CA",37.65466,-122.40775
"San Rafael, CA",37.97353,-122.53109
"Brentwood, TN",36.03312,-86.78278
"Franklin, TN",35.92506,-86.86889
"Gallatin, TN",36.38838,-86.44666
"Hendersonville, TN",36.30477,-86.62
"Lebanon, TN",36.20811,-86.2911
"Murfreesboro, TN",35.84562,-86.39027
"Nashville, TN",36.16589,-86.78444
"Smyrna, TN",35.98284,-86.5186
"Addison, IL",41.9317,-87.98896
"North Aurora, IL",41.80614,-88.3273
"Bartlett, IL",41.99503,-88.18563
"Batavia, IL",41.85003,-88.31257
"Bensenville, IL",41.95503,-87.94007
"Bloomingdale, IL",41.95753,-88.0809
"Bolingbrook, IL",41.69864,-88.0684
"Carol Stream, IL",41.91253,-88.13479
"Darien, IL",41.75198,-87.97395
"Downers Grove, IL",41.80892,-88.01117
"Elmhurst, IL",41.89947,-87.94034
"Glen Ellyn, IL",41.87753,-88.06701
"Glendale Heights, IL",41.91031,-88.07174
"Hanover Park, IL",41.99947,-88.14507
"Lisle, IL",41.80114,-88.07479
"Lombard, IL",41.88003,-88.00784
"Naperville, IL",41.78586,-88.14729
"Roselle, IL",41.98475,-88.07979
"Saint Charles, IL",41.91419,-88.30869
"Streamwood, IL",42.02558,-88.17841
"Villa Park, IL",41.88975,-87.98895
"West Chicago, IL",41.88475,-88.20396
"Westmont, IL",41.79586,-87.97562
"Wheaton, IL",41.86614,-88.10701
"Woodridge, IL",41.74697,-88.05034
"North Bay Shore, NY",40.73621,-73.26262
"Brentwood, NY",40.78121,-73.24623
"Centereach, NY",40.85843,-73.09955
"Central Islip, NY",40.79065,-73.20178
"Commack, NY",40.84288,-73.29289
"Copiague, NY",40.68149,-73.39984
"Coram, NY",40.86871,-73.00149
"Deer Park, NY",40.76177,-73.32929
"Dix Hills, NY",40.80482,-73.33623
"East Northport, NY",40.87676,-73.32456
"East Patchogue, NY",40.76704,-72.99622
"Hauppauge, NY",40.82565,-73.20261
"Holbrook, NY",40.81232,-73.07844
"Huntington Station, NY",40.85343,-73.41151
"West Islip, NY",40.70621,-73.30623
"North Lindenhurst, NY",40.71427,-73.38151
"Medford, NY",40.8176,-73.00011
"Ronkonkoma, NY",40.81538,-73.11233
"Selden, NY",40.86649,-73.03566
"Shirley, NY",40.80149,-72.8676
"Smithtown, NY",40.85593,-73.20067
"West Babylon, NY",40.71816,-73.35429
"West Islip, NY",40.70621,-73.30623
"Ballwin, MO",38.59505,-90.54623
"Chesterfield, MO",38.66311,-90.57707
"O'Fallon, MO",38.81061,-90.69985
"Saint Charles, MO",38.78394,-90.48123
"Saint Peters, MO",38.80033,-90.62651
"Wildwood, MO",38.58283,-90.6629
"Marshalltown, IA",42.04943,-92.90798
"Mason City, IA",43.15357,-93.20104
"Ottumwa, IA",41.02001,-92.4113
"New York City, NY",40.71427,-74.00597
"New York City, NY",40.71427,-74.00597
"Belmont, CA",37.52021,-122.2758
"Burlingame, CA",37.5841,-122.36608
"Daly City, CA",37.70577,-122.46192
"East Palo Alto, CA",37.46883,-122.14108
"Foster City, CA",37.55855,-122.27108
"Los Altos, CA",37.38522,-122.11413
"Menlo Park, CA",37.45383,-122.18219
"Millbrae, CA",37.59855,-122.38719
"Mountain View, CA",37.38605,-122.08385
"Pacifica, CA",37.61383,-122.48692
"Palo Alto, CA",37.44188,-122.14302
"Redwood City, CA",37.48522,-122.23635
"San Bruno, CA",37.63049,-122.41108
"San Carlos, CA",37.50716,-122.26052
"San Mateo, CA",37.56299,-122.32553
"South San Francisco, CA",37.65466,-122.40775
"Apple Valley, MN",44.73191,-93.21772
"Cottage Grove, MN",44.82774,-92.94382
"Eagan, MN",44.80413,-93.16689
"Inver Grove Heights, MN",44.84802,-93.04272
"Lakeville, MN",44.64969,-93.24272
"Maplewood, MN",44.95302,-92.99522
"New Brighton, MN",45.06552,-93.20189
"Oakdale, MN",44.96302,-92.96494
"Roseville, MN",45.00608,-93.15661
"Shoreview, MN",45.07913,-93.14717
"South Saint Paul, MN",44.89274,-93.03494
"Saint Paul, MN",44.94441,-93.09327
"White Bear Lake, MN",45.08469,-93.00994
"Woodbury, MN",44.92386,-92.95938
"Anaheim, CA",33.83529,-117.9145
"Brea, CA",33.91668,-117.90006
"Buena Park, CA",33.86751,-117.99812
"Cypress, CA",33.81696,-118.03729
"Fountain Valley, CA",33.70918,-117.95367
"Fullerton, CA",33.87029,-117.92534
"Garden Grove, CA",33.77391,-117.94145
"Huntington Beach, CA",33.6603,-117.99923
"Orange, CA",33.78779,-117.85311
"Placentia, CA",33.87224,-117.87034
"Santa Ana, CA",33.74557,-117.86783
"Stanton, CA",33.80252,-117.99312
"North Tustin, CA",33.76446,-117.79394
"Westminster, CA",33.75918,-118.00673
"Yorba Linda, CA",33.88863,-117.81311
"Sedalia, MO",38.70446,-93.22826
"Bakersfield, CA",35.37329,-119.01871
"Delano, CA",35.76884,-119.24705
"Lancaster, CA",34.69804,-118.13674
"Oildale, CA",35.41968,-119.01955
"Palmdale, CA",34.57943,-118.11646
"Santa Clarita, CA",34.39166,-118.54259
"Wasco, CA",35.59412,-119.34095
"Clarksdale, MS",34.20011,-90.57093
"Columbus, MS",33.49567,-88.42726
"Greenville, MS",33.41012,-91.06177
"Olive Branch, MS",34.96176,-89.82953
"Southaven, MS",34.98898,-90.01259
"Starkville, MS",33.45049,-88.81961
"Tupelo, MS",34.25807,-88.70464
"Annapolis, MD",38.97845,-76.49218
"Arbutus, MD",39.25455,-76.69997
"Arnold, MD",39.03206,-76.50274
"Baltimore, MD",39.29038,-76.61219
"Bel Air North, MD",39.55429,-76.37309
"Bel Air South, MD",39.50506,-76.31977
"Carney, MD",39.39427,-76.52358
"Catonsville, MD",39.27205,-76.73192
"Columbia, MD",39.24038,-76.83942
"Crofton, MD",39.00178,-76.68747
"Dundalk, MD",39.25066,-76.52052
"Edgewood, MD",39.41872,-76.2944
"Eldersburg, MD",39.40371,-76.95026
"West Elkridge, MD",39.20705,-76.72692
"Ellicott City, MD",39.26733,-76.79831
"Essex, MD",39.30927,-76.47496
"Glen Burnie, MD",39.16261,-76.62469
"Lochearn, MD",39.34066,-76.72219
"Middle River, MD",39.33427,-76.43941
"Milford Mill, MD",39.34788,-76.76997
"Odenton, MD",39.084,-76.70025
"Parkville, MD",39.37733,-76.53969
"Perry Hall, MD",39.41261,-76.46357
"Pikesville, MD",39.37427,-76.72247
"Randallstown, MD",39.36733,-76.79525
"Reisterstown, MD",39.46976,-76.8319
"Salisbury, MD",38.36067,-75.59937
"Severn, MD",39.13705,-76.6983
"Severna Park, MD",39.07039,-76.54524
"South Gate, MD",39.129,-76.6258
"Towson, MD",39.4015,-76.60191
"Campbell, CA",37.28717,-121.94996
"Gilroy, CA",37.00578,-121.56828
"Los Gatos, CA",37.22661,-121.97468
"Milpitas, CA",37.42827,-121.90662
"Morgan Hill, CA",37.1305,-121.65439
"San Jose, CA",37.33939,-121.89496
"Santa Clara, CA",37.35411,-121.95524
"Saratoga, CA",37.26383,-122.02301
"Sunnyvale, CA",37.36883,-122.03635
"Alpharetta, GA",34.07538,-84.29409
"Atlanta, GA",33.749,-84.38798
"Candler-McAfee, GA",33.72672,-84.27246
"College Park, GA",33.65344,-84.44937
"College Park, GA",33.65344,-84.44937
"Douglasville, GA",33.7515,-84.74771
"Duluth, GA",34.00288,-84.14464
"Dunwoody, GA",33.94621,-84.33465
"East Point, GA",33.67955,-84.43937
"Forest Park, GA",33.62205,-84.36909
"Gainesville, GA",34.29788,-83.82407
"Griffin, GA",33.24678,-84.26409
"Kennesaw, GA",34.02343,-84.61549
"Lawrenceville, GA",33.95621,-83.98796
"Mableton, GA",33.81872,-84.58243
"Marietta, GA",33.9526,-84.54993
"Atlanta, GA",33.749,-84.38798
"Peachtree City, GA",33.39678,-84.59576
"Redan, GA",33.74538,-84.13158
"Roswell, GA",34.02316,-84.36159
"Sandy Springs, GA",33.92427,-84.37854
"Smyrna, GA",33.88399,-84.51438
"Tucker, GA",33.85455,-84.21714
"South Charleston, WV",38.36843,-81.69957
"Huntington, WV",38.41925,-82.44515
"Morgantown, WV",39.62953,-79.9559
"Parkersburg, WV",39.26674,-81.56151
"Weirton, WV",40.41896,-80.58952
"Wheeling, WV",40.06396,-80.72091
"Arlington, TX",32.73569,-97.10807
"Bedford, TX",32.84402,-97.14307
"Benbrook, TX",32.67319,-97.46058
"Burleson, TX",32.54208,-97.32085
"Cleburne, TX",32.34764,-97.38668
"Euless, TX",32.83707,-97.08195
"Fort Worth, TX",32.72541,-97.32085
"Grapevine, TX",32.93429,-97.07807
"Haltom City, TX",32.79957,-97.26918
"Hurst, TX",32.82346,-97.17057
"Keller, TX",32.93457,-97.25168
"Mansfield, TX",32.56319,-97.14168
"North Richland Hills, TX",32.8343,-97.2289
"Southlake, TX",32.94124,-97.13418
"Watauga, TX",32.85791,-97.25474
"Bismarck, ND",46.80833,-100.78374
"West Fargo, ND",46.87497,-96.90036
"Grand Forks, ND",47.92526,-97.03285
"Minot, ND",48.23251,-101.29627
"Henderson, NV",36.0397,-114.98194
"North Las Vegas, NV",36.19886,-115.1175
"North Las Vegas, NV",36.19886,-115.1175
"Paradise, NV",36.09719,-115.14666
"Spring Valley, NV",36.10803,-115.245
"Sunrise Manor, NV",36.21108,-115.07306
"Winchester, NV",36.12997,-115.11889
"Alexandria, VA",38.80484,-77.04692
"Annandale, VA",38.83039,-77.19637
"Arlington, VA",38.88101,-77.10428
"Burke, VA",38.79345,-77.27165
"Centreville, VA",38.84039,-77.42888
"Chantilly, VA",38.89428,-77.4311
"Dale City, VA",38.63706,-77.31109
"Fairfax, VA",38.84622,-77.30637
"Franconia, VA",38.78206,-77.14637
"Groveton, VA",38.76734,-77.0847
"Herndon, VA",38.96955,-77.3861
"Lake Ridge, VA",38.68789,-77.29776
"Leesburg, VA",39.11566,-77.5636
"Manassas, VA",38.75095,-77.47527
"McLean, VA",38.93428,-77.17748
"Mount Vernon, VA",38.71919,-77.10726
"Oakton, VA",38.88095,-77.30082
"Reston, VA",38.96872,-77.3411
"West Springfield, VA",38.77261,-77.22109
"West Springfield, VA",38.77261,-77.22109
"Charlotte, NC",35.22709,-80.84313
"Concord, NC",35.40888,-80.58158
"South Gastonia, NC",35.2193,-81.20563
"Huntersville, NC",35.41069,-80.84285
"Kannapolis, NC",35.48736,-80.62173
"Matthews, NC",35.11681,-80.72368
"Monroe, NC",34.98543,-80.54951
"Salisbury, NC",35.67097,-80.47423
"Statesville, NC",35.78264,-80.8873
"Athens, GA",33.96095,-83.37794
"Augusta, GA",33.47097,-81.97484
"Columbus, GA",32.46098,-84.98771
"Dalton, GA",34.7698,-84.97022
"La Grange, GA",33.03929,-85.03133
"Martinez, GA",33.51736,-82.07567
"Rome, GA",34.25704,-85.16467
"Benicia, CA",38.04937,-122.15858
"Eureka, CA",40.80207,-124.16367
"Fairfield, CA",38.24936,-122.03997
"Napa, CA",38.29714,-122.28553
"Petaluma, CA",38.23242,-122.63665
"Rohnert Park, CA",38.33964,-122.7011
"Santa Rosa, CA",38.44047,-122.71443
"Suisun, CA",38.23825,-122.04024
"Vacaville, CA",38.35658,-121.98774
"Vallejo, CA",38.10409,-122.25664
"Windsor, CA",38.54713,-122.81638
"Bellwood, IL",41.88142,-87.88312
"Berwyn, IL",41.85059,-87.79367
"Blue Island, IL",41.65726,-87.68005
"Burbank, IL",41.73392,-87.7795
"Calumet City, IL",41.61559,-87.52949
"Chicago Heights, IL",41.50615,-87.6356
"Cicero, IL",41.84559,-87.75394
"Dolton, IL",41.63892,-87.60727
"Elmwood Park, IL",41.92114,-87.80923
"Evergreen Park, IL",41.72059,-87.70172
"Harvey, IL",41.61003,-87.64671
"Lansing, IL",41.56476,-87.53893
"Maywood, IL",41.8792,-87.84312
"Melrose Park, IL",41.90059,-87.85673
"Oak Forest, IL",41.60281,-87.74394
"Oak Lawn, IL",41.71087,-87.75811
"Oak Park, IL",41.88503,-87.7845
"Orland Park, IL",41.63031,-87.85394
"Park Forest, IL",41.49142,-87.67449
"South Holland, IL",41.60087,-87.60699
"Tinley Park, IL",41.57337,-87.78449
"Council Bluffs, IA",41.26194,-95.86083
"Sioux City, IA",42.49999,-96.40031
"Alvin, TX",29.42385,-95.2441
"Atascocita, TX",29.99883,-95.1766
"Baytown, TX",29.7355,-94.97743
"Channelview, TX",29.77606,-95.11465
"Cloverleaf, TX",29.77828,-95.17188
"Deer Park, TX",29.70523,-95.12382
"Friendswood, TX",29.5294,-95.20104
"South Houston, TX",29.66301,-95.23549
"La Porte, TX",29.66578,-95.01937
"League City, TX",29.50745,-95.09493
"Mission Bend, TX",29.69384,-95.66495
"Missouri City, TX",29.61857,-95.53772
"Pasadena, TX",29.69106,-95.2091
"Pearland, TX",29.56357,-95.28605
"Rosenberg, TX",29.55718,-95.80856
"Spring, TX",30.07994,-95.41716
"Sugar Land, TX",29.61968,-95.63495
"The Woodlands, TX",30.15799,-95.48938
"Anaheim, CA",33.83529,-117.9145
"Brea, CA",33.91668,-117.90006
"Buena Park, CA",33.86751,-117.99812
"Cypress, CA",33.81696,-118.03729
"Fountain Valley, CA",33.70918,-117.95367
"Fullerton, CA",33.87029,-117.92534
"Garden Grove, CA",33.77391,-117.94145
"Huntington Beach, CA",33.6603,-117.99923
"Orange, CA",33.78779,-117.85311
"Placentia, CA",33.87224,-117.87034
"Santa Ana, CA",33.74557,-117.86783
"Stanton, CA",33.80252,-117.99312
"North Tustin, CA",33.76446,-117.79394
"Westminster, CA",33.75918,-118.00673
"Yorba Linda, CA",33.88863,-117.81311
"Eau Claire, WI",44.81135,-91.49849
"Stevens Point, WI",44.52358,-89.57456
"Superior, WI",46.72077,-92.10408
"Wausau, WI",44.95914,-89.63012
"Buffalo, NY",42.88645,-78.87837
"Cheektowaga, NY",42.90339,-78.75475
"Jamestown, NY",42.097,-79.23533
"South Lockport, NY",43.15006,-78.6967
"Niagara Falls, NY",43.0945,-79.05671
"North Tonawanda, NY",43.03867,-78.8642
"Tonawanda, NY",42.98499,-78.87798
"West Seneca, NY",42.85006,-78.79975
"Harrisburg, PA",40.2737,-76.88442
"Lancaster, PA",40.03788,-76.30551
"Lebanon, PA",40.34093,-76.41135
"York, PA",39.9626,-76.72774
"The Bronx, NY",40.84985,-73.86641
"Brooklyn, NY",40.6501,-73.94958
"New York City, NY",40.71427,-74.00597
"Borough of Queens, NY",40.68149,-73.83652
"Staten Island, NY",40.56233,-74.13986
"Colorado Springs, CO",38.83388,-104.82136
"Pueblo West, CO",38.35,-104.72275
"Security-Widefield, CO",38.74728,-104.71439
"Arvada, CO",39.80276,-105.08748
"Aurora, CO",39.72943,-104.83192
"Boulder, CO",40.01499,-105.27055
"Brighton, CO",39.98526,-104.82053
"Broomfield, CO",39.92054,-105.08665
"Castle Rock, CO",39.37221,-104.85609
"Castlewood, CO",39.58471,-104.90109
"Columbine, CO",39.58777,-105.06943
"Commerce City, CO",39.80832,-104.93387
"Denver, CO",39.73915,-104.9847
"Englewood, CO",39.64777,-104.98776
"Highlands Ranch, CO",39.55388,-104.96943
"Ken Caryl, CO",39.57582,-105.11221
"Lafayette, CO",39.9936,-105.08971
"Lakewood, CO",39.70471,-105.08137
"Littleton, CO",39.61332,-105.01665
"Longmont, CO",40.16721,-105.10193
"Loveland, CO",40.39776,-105.07498
"Northglenn, CO",39.88554,-104.9872
"Parker, CO",39.5186,-104.76136
"Southglenn, CO",39.58721,-104.95276
"Thornton, CO",39.86804,-104.97192
"Westminster, CO",39.83665,-105.0372
"Wheat Ridge, CO",39.7661,-105.07721
"Monroeville, PA",40.42118,-79.7881
"New Castle, PA",41.00367,-80.34701
"Plum, PA",40.50035,-79.74949
"Upper Saint Clair, PA",40.3359,-80.08339
"Henderson, NV",36.0397,-114.98194
"North Las Vegas, NV",36.19886,-115.1175
"North Las Vegas, NV",36.19886,-115.1175
"Paradise, NV",36.09719,-115.14666
"Spring Valley, NV",36.10803,-115.245
"Sunrise Manor, NV",36.21108,-115.07306
"Winchester, NV",36.12997,-115.11889
"Bayonet Point, FL",28.32667,-82.68343
"Clearwater, FL",27.96585,-82.8001
"Dunedin, FL",28.0199,-82.77323
"Holiday, FL",28.18779,-82.73955
"Largo, FL",27.90979,-82.78842
"Lealman, FL",27.82114,-82.67927
"Palm Harbor, FL",28.07807,-82.76371
"Pinellas Park, FL",27.8428,-82.69954
"Saint Petersburg, FL",27.77086,-82.67927
"Tarpon Springs, FL",28.14612,-82.75677
"Jackson, TN",35.61452,-88.81395
"Carteret, NJ",40.57733,-74.2282
"East Brunswick, NJ",40.42788,-74.41598
"Edison, NJ",40.51872,-74.4121
"Lakewood, NJ",40.09789,-74.21764
"West Long Branch, NJ",40.29039,-74.01764
"New Brunswick, NJ",40.48622,-74.45182
"East Brunswick, NJ",40.42788,-74.41598
"North Plainfield, NJ",40.6301,-74.42737
"South Old Bridge, NJ",40.40816,-74.35432
"Perth Amboy, NJ",40.50677,-74.26542
"Rahway, NJ",40.60816,-74.27765
"Sayreville, NJ",40.45927,-74.36098
"Somerset, NJ",40.4976,-74.48849
"Toms River, NJ",39.95373,-74.19792
"Ann Arbor, MI",42.27756,-83.74088
"Canton, MI",42.30865,-83.48216
"Garden City, MI",42.32559,-83.33104
"Livonia, MI",42.36837,-83.35271
"South Monroe, MI",41.89588,-83.41771
"Plymouth, MI",42.37143,-83.47021
"Romulus, MI",42.22226,-83.3966
"Southgate, MI",42.21393,-83.19381
"Westland, MI",42.3242,-83.40021
"Wyandotte, MI",42.21421,-83.14992
"Ypsilanti, MI",42.24115,-83.61299
"Austin, TX",30.26715,-97.74306
"Cedar Park, TX",30.5052,-97.82029
"Georgetown, TX",30.63269,-97.67723
"Round Rock, TX",30.50826,-97.6789
"San Marcos, TX",29.88327,-97.94139
"Athens, OH",39.32924,-82.10126
"Chillicothe, OH",39.33312,-82.9824
"Delaware, OH",40.29867,-83.06797
"Lancaster, OH",39.71368,-82.59933
"Marion, OH",40.58867,-83.12852
"Newark, OH",40.05812,-82.40126
"Portsmouth, OH",38.73174,-82.99767
"Zanesville, OH",39.94035,-82.01319
"Asheboro, NC",35.70791,-79.81364
"Burlington, NC",36.09569,-79.4378
"Greensboro, NC",36.07264,-79.79198
"High Point, NC",35.95569,-80.00532
"Winston-Salem, NC",36.09986,-80.24422
"Agoura Hills, CA",34.13639,-118.77453
"Burbank, CA",34.18084,-118.30897
"Calabasas, CA",34.15778,-118.63842
"North Glendale, CA",34.16056,-118.26452
"La Caada Flintridge, CA",34.19917,-118.18785
"San Fernando, CA",34.28195,-118.43897
"Coconut Creek, FL",26.25175,-80.17894
"Cooper City, FL",26.05731,-80.27172
"Coral Springs, FL",26.27119,-80.2706
"Dania Beach, FL",26.05231,-80.14393
"Davie, FL",26.06287,-80.2331
"Deerfield Beach, FL",26.31841,-80.09977
"Fort Lauderdale, FL",26.12231,-80.14338
"Hallandale Beach, FL",25.9812,-80.14838
"Hollywood, FL",26.0112,-80.14949
"Lauderdale Lakes, FL",26.16647,-80.20838
"Lauderhill, FL",26.14036,-80.21338
"Margate, FL",26.24453,-80.20644
"North Lauderdale, FL",26.2173,-80.22588
"Pembroke Pines, FL",26.00315,-80.22394
"Plantation, FL",26.13421,-80.23184
"Pompano Beach, FL",26.23786,-80.12477
"Sunrise, FL",26.13397,-80.1131
"Tamarac, FL",26.21286,-80.24977
"Weston, FL",26.10037,-80.39977
"Chesapeake, VA",36.81904,-76.27494
"Hampton, VA",37.02987,-76.34522
"Newport News, VA",36.97876,-76.428
"Norfolk, VA",36.84681,-76.28522
"Portsmouth, VA",36.83543,-76.29827
"Suffolk, VA",36.72836,-76.58496
"Virginia Beach, VA",36.85293,-75.97799
"Apple Valley, CA",34.50083,-117.18588
"Barstow, CA",34.89859,-117.02282
"Brawley, CA",32.97866,-115.53027
"Calexico, CA",32.67895,-115.49888
"Carlsbad, CA",33.15809,-117.35059
"Cathedral City, CA",33.77974,-116.46529
"Coachella, CA",33.6803,-116.17389
"El Centro, CA",32.792,-115.56305
"Encinitas, CA",33.03699,-117.29198
"Escondido, CA",33.11921,-117.08642
"Fallbrook, CA",33.37642,-117.25115
"Hesperia, CA",34.42639,-117.30088
"Indio, CA",33.7207,-116.21677
"La Quinta, CA",33.66336,-116.31001
"Oceanside, CA",33.19587,-117.37948
"Palm Desert, CA",33.72255,-116.37697
"Palm Springs, CA",33.8303,-116.54529
"Ridgecrest, CA",35.62246,-117.6709
"San Marcos, CA",33.14337,-117.16614
"Victorville, CA",34.53611,-117.29116
"Vista, CA",33.20004,-117.24254
"Athens, GA",33.96095,-83.37794
"Augusta, GA",33.47097,-81.97484
"Columbus, GA",32.46098,-84.98771
"Dalton, GA",34.7698,-84.97022
"La Grange, GA",33.03929,-85.03133
"Martinez, GA",33.51736,-82.07567
"Rome, GA",34.25704,-85.16467
"Blaine, MN",45.1608,-93.23495
"Brooklyn Center, MN",45.07608,-93.33273
"Brooklyn Park, MN",45.09413,-93.35634
"Champlin, MN",45.18885,-93.39745
"West Coon Rapids, MN",45.15969,-93.34967
"Fridley, MN",45.08608,-93.26328
"Maple Grove, MN",45.07246,-93.45579
"New Hope, MN",45.03802,-93.38662
"Plymouth, MN",45.01052,-93.45551
"Anderson, IN",40.10532,-85.68025
"Kokomo, IN",40.48643,-86.1336
"West Lafayette, IN",40.42587,-86.90807
"Marion, IN",40.55837,-85.65914
"Muncie, IN",40.19338,-85.38636
"Richmond, IN",39.82894,-84.89024
"West Lafayette, IN",40.42587,-86.90807
"Clinton, MS",32.34153,-90.32176
"West Hattiesburg, MS",31.31906,-89.37506
"Jackson, MS",32.29876,-90.18481
"Meridian, MS",32.36431,-88.70366
"Pearl, MS",32.27459,-90.13203
"Ridgeland, MS",32.42848,-90.13231
"Vicksburg, MS",32.35265,-90.87788
"Alpharetta, GA",34.07538,-84.29409
"Atlanta, GA",33.749,-84.38798
"College Park, GA",33.65344,-84.44937
"Douglasville, GA",33.7515,-84.74771
"Duluth, GA",34.00288,-84.14464
"Dunwoody, GA",33.94621,-84.33465
"Forest Park, GA",33.62205,-84.36909
"Gainesville, GA",34.29788,-83.82407
"Griffin, GA",33.24678,-84.26409
"Kennesaw, GA",34.02343,-84.61549
"Lawrenceville, GA",33.95621,-83.98796
"Mableton, GA",33.81872,-84.58243
"Marietta, GA",33.9526,-84.54993
"Atlanta, GA",33.749,-84.38798
"Peachtree City, GA",33.39678,-84.59576
"Redan, GA",33.74538,-84.13158
"Roswell, GA",34.02316,-84.36159
"Sandy Springs, GA",33.92427,-84.37854
"Smyrna, GA",33.88399,-84.51438
"Tucker, GA",33.85455,-84.21714
"Fort Pierce South, FL",27.40962,-80.35483
"Palm City, FL",27.16783,-80.26616
"Port Saint Lucie, FL",27.29393,-80.35033
"Vero Beach South, FL",27.61638,-80.41308
"West Chicago, IL",41.88475,-88.20396
"Attleboro, MA",41.94454,-71.28561
"Barnstable, MA",41.70011,-70.29947
"Brockton, MA",42.08343,-71.01838
"Fall River, MA",41.70149,-71.15505
"Framingham, MA",42.27926,-71.41617
"Franklin, MA",42.08343,-71.39673
"Marlborough, MA",42.34593,-71.55229
"Milford, MA",42.13982,-71.51617
"New Bedford, MA",41.63622,-70.93421
"Taunton, MA",41.9001,-71.08977
"Worcester, MA",42.26259,-71.80229
"Carson City, NV",39.1638,-119.7674
"Pahrump, NV",36.20829,-115.98391
"Reno, NV",39.52963,-119.8138
"Sparks, NV",39.53491,-119.75269
"Belvidere, IL",42.26391,-88.84427
"Crystal Lake, IL",42.24113,-88.3162
"DeKalb, IL",41.92947,-88.75036
"Freeport, IL",42.29669,-89.62123
"Joliet, IL",41.52519,-88.0834
"Kankakee, IL",41.12003,-87.86115
"Loves Park, IL",42.32002,-89.05816
"Machesney Park, IL",42.34724,-89.039
"McHenry, IL",42.33335,-88.26675
"Rockford, IL",42.27113,-89.094
"Romeoville, IL",41.64753,-88.08951
"Woodstock, IL",42.31474,-88.4487
"Arlington, MA",42.41537,-71.15644
"Braintree, MA",42.22232,-70.99949
"Burlington, MA",42.50482,-71.19561
"Dedham, MA",42.24177,-71.16616
"Lexington, MA",42.44732,-71.2245
"Lynn, MA",42.46676,-70.94949
"Malden, MA",42.4251,-71.06616
"Marblehead, MA",42.5001,-70.85783
"Medford, MA",42.41843,-71.10616
"Melrose, MA",42.45843,-71.06616
"Needham, MA",42.28343,-71.23283
"Norwood, MA",42.19454,-71.1995
"Randolph, MA",42.1626,-71.04116
"Reading, MA",42.52565,-71.09533
"Revere, MA",42.40843,-71.01199
"Saugus, MA",42.46482,-71.01005
"Stoneham, MA",42.4801,-71.0995
"Wakefield, MA",42.50648,-71.07283
"Waltham, MA",42.37649,-71.23561
"Wellesley, MA",42.29649,-71.29256
"Weymouth, MA",42.22093,-70.93977
"Winchester, MA",42.45232,-71.137
"Woburn, MA",42.47926,-71.15228
"Hays, KS",38.87918,-99.32677
"Lawrence, KS",38.97167,-95.23525
"Manhattan, KS",39.18361,-96.57167
"Salina, KS",38.84028,-97.61142
"Topeka, KS",39.04833,-95.67804
"Aventura, FL",25.95648,-80.13921
"Carol City, FL",25.94065,-80.2456
"Coral Gables, FL",25.72149,-80.26838
"Coral Terrace, FL",25.74593,-80.3045
"Country Club, FL",25.94815,-80.317
"Cutler Ridge, FL",25.58066,-80.34672
"Doral, FL",25.81954,-80.35533
"Golden Glades, FL",25.91176,-80.20033
"Hialeah, FL",25.8576,-80.27811
"Homestead, FL",25.46872,-80.47756
"Kendale Lakes, FL",25.70816,-80.407
"Kendall West, FL",25.7065,-80.4388
"Key West, FL",24.55524,-81.78163
"Leisure City, FL",25.49539,-80.42922
"West Miami, FL",25.76343,-80.29616
"North Miami Beach, FL",25.93315,-80.16255
"Miami Lakes, FL",25.90871,-80.30866
"Miramar, FL",25.98731,-80.23227
"Norland, FL",25.94898,-80.21227
"North Miami, FL",25.89009,-80.18671
"North Miami Beach, FL",25.93315,-80.16255
"Richmond West, FL",25.6105,-80.42971
"Richmond Heights, FL",25.63149,-80.36894
"South Miami Heights, FL",25.59761,-80.38061
"Tamiami, FL",25.75871,-80.39839
"West Little River, FL",25.85704,-80.23699
"Westchester, FL",25.75482,-80.32727
"American Fork, UT",40.3769,-111.79576
"West Bountiful, UT",40.89383,-111.90188
"Clearfield, UT",41.11078,-112.02605
"Cottonwood Heights, UT",40.61967,-111.81021
"Draper, UT",40.52467,-111.86382
"East Millcreek, UT",40.69995,-111.81049
"Kaysville, UT",41.03522,-111.93855
"Kearns, UT",40.65995,-111.99633
"Layton, UT",41.06022,-111.97105
"Magna, UT",40.70911,-112.10161
"Midvale, UT",40.61106,-111.89994
"Millcreek, UT",40.68689,-111.87549
"Murray, UT",40.66689,-111.88799
"South Ogden, UT",41.19189,-111.97133
"Orem, UT",40.2969,-111.69465
"Pleasant Grove, UT",40.36412,-111.73854
"Provo, UT",40.23384,-111.65853
"Riverton, UT",40.52189,-111.9391
"Roy, UT",41.16161,-112.02633
"Salt Lake City, UT",40.76078,-111.89105
"Sandy City, UT",40.59161,-111.8841
"South Jordan, UT",40.56217,-111.92966
"South Salt Lake, UT",40.71884,-111.88827
"Spanish Fork, UT",40.11496,-111.65492
"Springville, UT",40.16523,-111.61075
"Taylorsville, UT",40.66772,-111.93883
"West Jordan, UT",40.60967,-111.9391
"West Valley City, UT",40.69161,-112.00105
"South Burlington, VT",44.46699,-73.17096
"Montpelier, VT",44.26006,-72.57539
"Aiken, SC",33.56042,-81.71955
"West Columbia, SC",33.99349,-81.07398
"Rock Hill, SC",34.92487,-81.02508
"Saint Andrews, SC",34.04543,-81.12926
"Sumter, SC",33.92044,-80.34147
"Hopewell, VA",37.30432,-77.2872
"Mechanicsville, VA",37.60876,-77.37331
"Petersburg, VA",37.22793,-77.40193
"Richmond, VA",37.55376,-77.46026
"Tuckahoe, VA",37.59015,-77.55638
"Atascadero, CA",35.48942,-120.67073
"Camarillo, CA",34.21639,-119.0376
"Paso Robles, CA",35.62664,-120.691
"Goleta, CA",34.43583,-119.82764
"Lompoc, CA",34.63915,-120.45794
"Moorpark, CA",34.28556,-118.88204
"Orcutt, CA",34.86526,-120.436
"Oxnard, CA",34.1975,-119.17705
"Port Hueneme, CA",34.14778,-119.19511
"Ventura, CA",34.27834,-119.29317
"San Luis Obispo, CA",35.28275,-120.65962
"Santa Barbara, CA",34.42083,-119.69819
"Santa Maria, CA",34.95303,-120.43572
"Santa Paula, CA",34.35417,-119.05927
"Simi Valley, CA",34.26945,-118.78148
"Thousand Oaks, CA",34.17056,-118.83759
"Amarillo, TX",35.222,-101.8313
"Lubbock, TX",33.57786,-101.85517
"Plainview, TX",34.18479,-101.70684
"Hilo, HI",19.72991,-155.09073
"Honolulu, HI",21.30694,-157.85833
"Kahului, HI",20.88953,-156.47432
"Kailua-Kona, HI",19.63927,-155.99024
"Kneohe, HI",21.39994,-157.79895
"Mililani Town, HI",21.45,-158.00111
"Pearl City, HI",21.39734,-157.97516
"Waimalu, HI",21.40472,-157.94333
"Waipahu, HI",21.38667,-158.00917
"Burton, MI",42.99947,-83.61634
"Flint, MI",43.01253,-83.68746
"Port Huron, MI",42.97086,-82.42491
"Bloomington, IN",39.16533,-86.52639
"Clarksville, IN",38.29674,-85.75996
"Columbus, IN",39.20144,-85.92138
"Evansville, IN",37.97476,-87.55585
"Jeffersonville, IN",38.27757,-85.73718
"New Albany, IN",38.28562,-85.82413
"Terre Haute, IN",39.4667,-87.41391
"Brandon, FL",27.9378,-82.28592
"Citrus Park, FL",28.07835,-82.56982
"Greater Northdale, FL",28.10545,-82.52594
"Lake Magdalene, FL",28.07418,-82.47176
"Land O' Lakes, FL",28.2189,-82.45759
"Plant City, FL",28.01888,-82.11469
"Tampa, FL",27.94752,-82.45843
"Temple Terrace, FL",28.0353,-82.38926
"Town 'n' Country, FL",28.01057,-82.57732
"Altoona, PA",40.51868,-78.39474
"Erie, PA",42.12922,-80.08506
"Johnstown, PA",40.32674,-78.92197
"State College, PA",40.79339,-77.86
"Belvidere, IL",42.26391,-88.84427
"Crystal Lake, IL",42.24113,-88.3162
"DeKalb, IL",41.92947,-88.75036
"Freeport, IL",42.29669,-89.62123
"Joliet, IL",41.52519,-88.0834
"Kankakee, IL",41.12003,-87.86115
"Loves Park, IL",42.32002,-89.05816
"Machesney Park, IL",42.34724,-89.039
"McHenry, IL",42.33335,-88.26675
"Rockford, IL",42.27113,-89.094
"Romeoville, IL",41.64753,-88.08951
"Woodstock, IL",42.31474,-88.4487
"Belton, MO",38.81195,-94.5319
"Blue Springs, MO",39.01695,-94.28161
"Gladstone, MO",39.20389,-94.55468
"Grandview, MO",38.88584,-94.53301
"Independence, MO",39.09112,-94.41551
"Kansas City, MO",39.09973,-94.57857
"Lee's Summit, MO",38.91084,-94.38217
"Liberty, MO",39.24611,-94.41912
"Raytown, MO",39.00862,-94.46356
"Saint Joseph, MO",39.76861,-94.84663
"Arlington, TX",32.73569,-97.10807
"Bedford, TX",32.84402,-97.14307
"Benbrook, TX",32.67319,-97.46058
"Burleson, TX",32.54208,-97.32085
"Cleburne, TX",32.34764,-97.38668
"Euless, TX",32.83707,-97.08195
"Fort Worth, TX",32.72541,-97.32085
"Grapevine, TX",32.93429,-97.07807
"Haltom City, TX",32.79957,-97.26918
"Hurst, TX",32.82346,-97.17057
"Keller, TX",32.93457,-97.25168
"Mansfield, TX",32.56319,-97.14168
"North Richland Hills, TX",32.8343,-97.2289
"Southlake, TX",32.94124,-97.13418
"Watauga, TX",32.85791,-97.25474
"Agoura Hills, CA",34.13639,-118.77453
"Burbank, CA",34.18084,-118.30897
"Calabasas, CA",34.15778,-118.63842
"North Glendale, CA",34.16056,-118.26452
"La Caada Flintridge, CA",34.19917,-118.18785
"San Fernando, CA",34.28195,-118.43897
"Asheville, NC",35.60095,-82.55402
"Hickory, NC",35.73319,-81.3412
"Del Rio, TX",29.36273,-100.89676
"Eagle Pass, TX",28.70914,-100.49952
"Kerrville, TX",30.04743,-99.14032
"New Braunfels, TX",29.703,-98.12445
"Seguin, TX",29.56884,-97.96473
"Hollister, CA",36.85245,-121.4016
"Marina, CA",36.6844,-121.80217
"Monterey, CA",36.60024,-121.89468
"Salinas, CA",36.67774,-121.6555
"Santa Cruz, CA",36.97412,-122.0308
"Seaside, CA",36.61107,-121.85162
"Watsonville, CA",36.91023,-121.75689
"Alvin, TX",29.42385,-95.2441
"Atascocita, TX",29.99883,-95.1766
"Baytown, TX",29.7355,-94.97743
"Channelview, TX",29.77606,-95.11465
"Cloverleaf, TX",29.77828,-95.17188
"Deer Park, TX",29.70523,-95.12382
"Friendswood, TX",29.5294,-95.20104
"South Houston, TX",29.66301,-95.23549
"La Porte, TX",29.66578,-95.01937
"League City, TX",29.50745,-95.09493
"Mission Bend, TX",29.69384,-95.66495
"Missouri City, TX",29.61857,-95.53772
"Pasadena, TX",29.69106,-95.2091
"Pearland, TX",29.56357,-95.28605
"Rosenberg, TX",29.55718,-95.80856
"Spring, TX",30.07994,-95.41716
"Sugar Land, TX",29.61968,-95.63495
"The Woodlands, TX",30.15799,-95.48938
"North Charleston, SC",32.85462,-79.97481
"Florence, SC",34.19543,-79.76256
"Goose Creek, SC",32.98101,-80.03259
"Hilton Head Island, SC",32.21632,-80.75261
"Mount Pleasant, SC",32.79407,-79.86259
"North Myrtle Beach, SC",33.81601,-78.68002
"North Charleston, SC",32.85462,-79.97481
"Summerville, SC",33.0185,-80.17565
"Kingston, NY",41.92704,-73.99736
"Middletown, NY",41.44593,-74.42293
"New City, NY",41.1476,-73.98931
"Newburgh, NY",41.50343,-74.01042
"Poughkeepsie, NY",41.70037,-73.92097
"Spring Valley, NY",41.11315,-74.04375
"Algonquin, IL",42.16558,-88.29425
"Arlington Heights, IL",42.08836,-87.98063
"Buffalo Grove, IL",42.15141,-87.95979
"Carpentersville, IL",42.12114,-88.25786
"Des Plaines, IL",42.03336,-87.8834
"South Elgin, IL",41.99419,-88.2923
"Elk Grove Village, IL",42.00392,-87.97035
"Evanston, IL",42.04114,-87.69006
"Glenview, IL",42.06975,-87.78784
"Gurnee, IL",42.3703,-87.90202
"Highland Park, IL",42.18169,-87.80034
"Hoffman Estates, IL",42.04281,-88.0798
"Lake Forest, IL",42.25863,-87.84063
"Lake in the Hills, IL",42.18169,-88.33036
"Libertyville, IL",42.28308,-87.95313
"Morton Grove, IL",42.04059,-87.78256
"Mount Prospect, IL",42.06642,-87.93729
"Mundelein, IL",42.26308,-88.00397
"Niles, IL",42.01892,-87.80284
"North Chicago, IL",42.32558,-87.84118
"Northbrook, IL",42.12753,-87.82895
"Palatine, IL",42.1103,-88.03424
"Park Ridge, IL",42.01114,-87.84062
"Rolling Meadows, IL",42.08419,-88.01313
"Round Lake Beach, IL",42.37169,-88.09008
"Schaumburg, IL",42.03336,-88.08341
"Skokie, IL",42.03336,-87.73339
"Vernon Hills, IL",42.21947,-87.97952
"Waukegan, IL",42.36363,-87.84479
"Wheeling, IL",42.13919,-87.92896
"Wilmette, IL",42.07225,-87.72284
"Zion, IL",42.44613,-87.83285
"Carteret, NJ",40.57733,-74.2282
"East Brunswick, NJ",40.42788,-74.41598
"Edison, NJ",40.51872,-74.4121
"Lakewood, NJ",40.09789,-74.21764
"West Long Branch, NJ",40.29039,-74.01764
"New Brunswick, NJ",40.48622,-74.45182
"East Brunswick, NJ",40.42788,-74.41598
"North Plainfield, NJ",40.6301,-74.42737
"South Old Bridge, NJ",40.40816,-74.35432
"Perth Amboy, NJ",40.50677,-74.26542
"Rahway, NJ",40.60816,-74.27765
"Sayreville, NJ",40.45927,-74.36098
"Somerset, NJ",40.4976,-74.48849
"Toms River, NJ",39.95373,-74.19792
"Bellview, FL",30.46159,-87.31497
"Brent, FL",30.46881,-87.23608
"Ferry Pass, FL",30.5102,-87.21247
"Fort Walton Beach, FL",30.42077,-86.61939
"Panama City, FL",30.15946,-85.65983
"West Pensacola, FL",30.42659,-87.27969
"Tallahassee, FL",30.43826,-84.28073
"West Pensacola, FL",30.42659,-87.27969
"Wright, FL",30.45575,-86.63829
"Bridgeton, NJ",39.42734,-75.23408
"Camden, NJ",39.92595,-75.11962
"Cherry Hill, NJ",39.93484,-75.03073
"Millville, NJ",39.40206,-75.03934
"Pennsauken, NJ",39.95622,-75.05795
"Vineland, NJ",39.48623,-75.02573
"Willingboro, NJ",40.02789,-74.86905
"Belmont, MA",42.39593,-71.17867
"South Boston, MA",42.33343,-71.04949
"Brookline, MA",42.33176,-71.12116
"Cambridge, MA",42.3751,-71.10561
"Chelsea, MA",42.39176,-71.03283
"Everett, MA",42.40843,-71.05366
"Milton, MA",42.24954,-71.06616
"Newton, MA",42.33704,-71.20922
"Quincy, MA",42.25288,-71.00227
"Somerville, MA",42.3876,-71.0995
"Watertown, MA",42.37093,-71.18283
"Poway, CA",32.96282,-117.03586
"Covington, KY",39.08367,-84.50855
"Florence, KY",38.99895,-84.62661
"Lexington, KY",37.98869,-84.47772
"Richmond, KY",37.74786,-84.29465
"Bristol, CT",41.67176,-72.94927
"Manchester, CT",41.77593,-72.52148
"East Hartford, CT",41.78232,-72.61203
"West Hartford, CT",41.76204,-72.74204
"Middletown, CT",41.56232,-72.65065
"New Britain, CT",41.66121,-72.77954
"New London, CT",41.35565,-72.09952
"Newington, CT",41.69788,-72.72371
"Norwich, CT",41.52426,-72.07591
"West Torrington, CT",41.81843,-73.14372
"West Hartford, CT",41.76204,-72.74204
"Wethersfield, CT",41.71427,-72.65259
"Belleville, NJ",40.79371,-74.15014
"Bloomfield, NJ",40.80677,-74.18542
"Clifton, NJ",40.85843,-74.16376
"East Orange, NJ",40.76732,-74.20487
"Garfield, NJ",40.88149,-74.1132
"Hillside, NJ",40.70121,-74.23015
"Irvington, NJ",40.73232,-74.23487
"Kearny, NJ",40.76843,-74.14542
"Livingston, NJ",40.79593,-74.31487
"Lodi, NJ",40.88232,-74.0832
"Maplewood, NJ",40.73121,-74.27348
"Montclair, NJ",40.82593,-74.20903
"Morristown, NJ",40.79677,-74.48154
"Newark, NJ",40.73566,-74.17237
"Nutley, NJ",40.82232,-74.15987
"West Orange, NJ",40.79871,-74.23904
"Passaic, NJ",40.85677,-74.12848
"Paterson, NJ",40.91677,-74.17181
"Wayne, NJ",40.92538,-74.27654
"West Milford, NJ",41.13121,-74.36737
"West Orange, NJ",40.79871,-74.23904
"Lakeland, FL",28.03947,-81.9498
"Winter Haven, FL",28.02224,-81.73286
"Anderson, SC",34.50344,-82.65013
"Greenville, SC",34.85262,-82.39401
"Greenwood, SC",34.1954,-82.16179
"Spartanburg, SC",34.94957,-81.93205
"Taylors, SC",34.92039,-82.29623
"Wade Hampton, SC",34.90373,-82.33317
"Knoxville, TN",35.96064,-83.92074
"Maryville, TN",35.75647,-83.97046
"Oak Ridge, TN",36.01036,-84.26964
"Oak Ridge, TN",36.01036,-84.26964
"El Dorado, AR",33.20763,-92.66627
"Jonesboro, AR",35.8423,-90.70428
"Paragould, AR",36.0584,-90.49733
"Pine Bluff, AR",34.22843,-92.0032
"Texarkana, AR",33.44179,-94.03769
"West Memphis, AR",35.14648,-90.18454
"Bethel Park, PA",40.32757,-80.0395
"McKeesport, PA",40.34785,-79.86422
"Mount Lebanon, PA",40.35535,-80.0495
"Monroeville, PA",40.42118,-79.7881
"New Castle, PA",41.00367,-80.34701
"Penn Hills, PA",40.50118,-79.83922
"Pittsburgh, PA",40.44062,-79.99589
"Plum, PA",40.50035,-79.74949
"Upper Saint Clair, PA",40.3359,-80.08339
"West Mifflin, PA",40.3634,-79.86644
"Bartlett, TN",35.20453,-89.87398
"Collierville, TN",35.04204,-89.66453
"Germantown, TN",35.08676,-89.81009
"Memphis, TN",35.14953,-90.04898
"Corsicana, TX",32.09543,-96.46887
"Denison, TX",33.75566,-96.53666
"Greenville, TX",33.13845,-96.11081
"Longview, TX",32.5007,-94.74049
"Marshall, TX",32.54487,-94.36742
"Paris, TX",33.66094,-95.55551
"Sherman, TX",33.63566,-96.60888
"Texarkana, TX",33.42513,-94.04769
"Tyler, TX",32.35126,-95.30106
"Jacksonville, FL",30.33218,-81.65565
"Jacksonville Beach, FL",30.29469,-81.39314
"Lakeside, FL",30.12996,-81.76815
"Anchorage, AK",61.21806,-149.90028
"College, AK",64.85694,-147.80278
"Fairbanks, AK",64.83778,-147.71639
"Juneau, AK",58.30194,-134.41972
"Ketchikan, AK",55.34225,-131.64784
"Sitka, AK",57.05315,-135.33088
"Cranford, NJ",40.65844,-74.29959
"Elizabeth, NJ",40.66399,-74.2107
"Hillside, NJ",40.70121,-74.23015
"Linden, NJ",40.62205,-74.24459
"South Plainfield, NJ",40.57927,-74.41154
"Roselle, NJ",40.65223,-74.25882
"Scotch Plains, NJ",40.65538,-74.38987
"South Plainfield, NJ",40.57927,-74.41154
"Summit, NJ",40.74149,-74.35959
"Union City, NJ",40.77955,-74.02375
"Westfield, NJ",40.65899,-74.34737
"Chino, CA",34.01223,-117.68894
"Chino Hills, CA",33.9938,-117.75888
"Claremont, CA",34.09668,-117.71978
"Colton, CA",34.0739,-117.31365
"Diamond Bar, CA",34.02862,-117.81034
"Fontana, CA",34.09223,-117.43505
"Highland, CA",34.12834,-117.20865
"La Verne, CA",34.10084,-117.76784
"Montclair, CA",34.07751,-117.68978
"Ontario, CA",34.06334,-117.65089
"Pomona, CA",34.05529,-117.75228
"Rancho Cucamonga, CA",34.1064,-117.59311
"Redlands, CA",34.05557,-117.18254
"Rialto, CA",34.1064,-117.37032
"San Bernardino, CA",34.10834,-117.28977
"San Dimas, CA",34.10668,-117.80673
"Upland, CA",34.09751,-117.64839
"Yucaipa, CA",34.03363,-117.04309
"Fayetteville, NC",35.05266,-78.87836
"Fort Bragg, NC",35.139,-79.00603
"Jacksonville, NC",34.75405,-77.43024
"Lumberton, NC",34.61834,-79.01045
"Wilmington, NC",34.22573,-77.94471
"Hinesville, GA",31.84688,-81.59595
"Savannah, GA",32.08354,-81.09983
"Statesboro, GA",32.44879,-81.78317
"Kansas City, KS",39.11417,-94.62746
"Leavenworth, KS",39.31111,-94.92246
"Leawood, KS",38.96667,-94.6169
"Lenexa, KS",38.95362,-94.73357
"Olathe, KS",38.8814,-94.81913
"Overland Park, KS",38.98223,-94.67079
"Prairie Village, KS",38.99167,-94.63357
"Shawnee, KS",39.04167,-94.72024
"Harrison, NY",40.96899,-73.71263
"Mount Vernon, NY",40.9126,-73.83708
"New Rochelle, NY",40.91149,-73.78235
"Ossining, NY",41.16287,-73.86152
"Peekskill, NY",41.29009,-73.92042
"Port Chester, NY",41.00176,-73.66568
"White Plains, NY",41.03399,-73.76291
"Yonkers, NY",40.93121,-73.89875
"El Paso, TX",31.75872,-106.48693
"Socorro, TX",31.65456,-106.30331
"Arden-Arcade, CA",38.6025,-121.37854
"Carmichael, CA",38.61713,-121.32828
"Citrus Heights, CA",38.70712,-121.28106
"Elk Grove, CA",38.4088,-121.37162
"North Fair Oaks, CA",37.47438,-122.19663
"Florin, CA",38.49602,-121.40884
"Folsom, CA",38.67796,-121.17606
"La Riviera, CA",38.56685,-121.3569
"Laguna, CA",38.42102,-121.42384
"North Highlands, CA",38.68574,-121.37217
"Orangevale, CA",38.67851,-121.22578
"Rancho Cordova, CA",38.58907,-121.30273
"Rocklin, CA",38.79073,-121.23578
"Rosemont, CA",38.55185,-121.36467
"Roseville, CA",38.75212,-121.28801
"West Sacramento, CA",38.58046,-121.53023
"West Sacramento, CA",38.58046,-121.53023
"The Bronx, NY",40.84985,-73.86641
"Brooklyn, NY",40.6501,-73.94958
"New York City, NY",40.71427,-74.00597
"New York City, NY",40.71427,-74.00597
"Borough of Queens, NY",40.68149,-73.83652
"Staten Island, NY",40.56233,-74.13986
"Bartlesville, OK",36.74731,-95.98082
"Broken Arrow, OK",36.0526,-95.79082
"Muskogee, OK",35.74788,-95.36969
"Tulsa, OK",36.15398,-95.99277
"Apex, NC",35.73265,-78.85029
"Cary, NC",35.79154,-78.78112
"Chapel Hill, NC",35.9132,-79.05584
"Durham, NC",35.99403,-78.89862
"Goldsboro, NC",35.38488,-77.99277
"West Raleigh, NC",35.78682,-78.66389
"Sanford, NC",35.47988,-79.1803
"Appleton, WI",44.26193,-88.41538
"De Pere, WI",44.44888,-88.06038
"North Fond du Lac, WI",43.81138,-88.48344
"Green Bay, WI",44.51916,-88.01983
"Manitowoc, WI",44.08861,-87.65758
"Neenah, WI",44.18582,-88.46261
"Oshkosh, WI",44.02471,-88.54261
"Sheboygan, WI",43.75083,-87.71453
"Watertown, WI",43.19472,-88.72899
"Watertown, WI",43.19472,-88.72899
"Antioch, CA",38.00492,-121.80579
"Bay Point, CA",38.02909,-121.96163
"Brentwood, CA",37.93187,-121.69579
"Concord, CA",37.97798,-122.03107
"Danville, CA",37.82159,-121.99996
"Dublin, CA",37.70215,-121.93579
"Lafayette, CA",37.88576,-122.11802
"Livermore, CA",37.68187,-121.76801
"Martinez, CA",38.01937,-122.13413
"Oakley, CA",37.99742,-121.71245
"Pittsburg, CA",38.02798,-121.88468
"Pleasant Hill, CA",37.94798,-122.0608
"Pleasanton, CA",37.66243,-121.87468
"San Ramon, CA",37.77993,-121.97802
"Walnut Creek, CA",37.90631,-122.06496
"Bullhead City, AZ",35.14778,-114.5683
"Flagstaff, AZ",35.19807,-111.65127
"Fortuna Foothills, AZ",32.65783,-114.41189
"Kingman, AZ",35.18944,-114.05301
"Lake Havasu City, AZ",34.4839,-114.32245
"Prescott, AZ",34.54002,-112.4685
"Prescott Valley, AZ",34.61002,-112.31572
"Yuma, AZ",32.72532,-114.6244
"The Bronx, NY",40.84985,-73.86641
"Brooklyn, NY",40.6501,-73.94958
"New York City, NY",40.71427,-74.00597
"Borough of Queens, NY",40.68149,-73.83652
"Staten Island, NY",40.56233,-74.13986
"Bloomington, IN",39.16533,-86.52639
"Clarksville, IN",38.29674,-85.75996
"Columbus, IN",39.20144,-85.92138
"Evansville, IN",37.97476,-87.55585
"Jeffersonville, IN",38.27757,-85.73718
"New Albany, IN",38.28562,-85.82413
"Terre Haute, IN",39.4667,-87.41391
"Clarksville, TN",36.52977,-87.35945
"Columbia, TN",35.61507,-87.03528
"Cookeville, TN",36.16284,-85.50164
"Conroe, TX",30.31188,-95.45605
"Huntsville, TX",30.72353,-95.55078
"Lufkin, TX",31.33824,-94.7291
"Nacogdoches, TX",31.60351,-94.65549
"Beavercreek, OH",39.70923,-84.06327
"Centerville, OH",39.62839,-84.15938
"Dayton, OH",39.75895,-84.19161
"Fairborn, OH",39.82089,-84.01938
"Huber Heights, OH",39.84395,-84.12466
"Kettering, OH",39.6895,-84.16883
"Piqua, OH",40.14477,-84.24244
"Riverside, OH",39.77978,-84.1241
"Sidney, OH",40.28422,-84.1555
"Springfield, OH",39.92423,-83.80882
"Trotwood, OH",39.79728,-84.31133
"Troy, OH",40.0395,-84.20328
"Xenia, OH",39.68478,-83.92965
"Denton, TX",33.21484,-97.13307
"Lewisville, TX",33.04623,-96.99417
"Wichita Falls, TX",33.91371,-98.49339
"South Bradenton, FL",27.4631,-82.58176
"North Port, FL",27.04422,-82.23593
"Port Charlotte, FL",26.97617,-82.09064
"Punta Gorda, FL",26.92978,-82.04537
"Sarasota, FL",27.33643,-82.53065
"South Bradenton, FL",27.4631,-82.58176
"West Bloomfield Township, MI",42.56891,-83.38356
"Farmington Hills, MI",42.48531,-83.37716
"Ferndale, MI",42.46059,-83.13465
"Madison Heights, MI",42.48587,-83.1052
"Novi, MI",42.48059,-83.47549
"Oak Park, MI",42.45948,-83.18271
"Pontiac, MI",42.63892,-83.29105
"Rochester Hills, MI",42.65837,-83.14993
"Royal Oak, MI",42.48948,-83.14465
"Southfield, MI",42.47337,-83.22187
"Troy, MI",42.60559,-83.14993
"Waterford, MI",42.69303,-83.41181
"West Bloomfield Township, MI",42.56891,-83.38356
"Aliso Viejo, CA",33.56504,-117.72712
"Costa Mesa, CA",33.64113,-117.91867
"Dana Point, CA",33.46697,-117.69811
"Irvine, CA",33.66946,-117.82311
"Laguna Beach, CA",33.54225,-117.78311
"Laguna Hills, CA",33.61252,-117.71283
"Laguna Niguel, CA",33.52253,-117.70755
"Lake Forest, CA",33.64697,-117.68922
"Mission Viejo, CA",33.60002,-117.672
"Newport Beach, CA",33.61891,-117.92895
"Rancho Santa Margarita, CA",33.64086,-117.6031
"San Clemente, CA",33.42697,-117.61199
"San Juan Capistrano, CA",33.50169,-117.66255
"Banning, CA",33.92557,-116.87641
"Corona, CA",33.87529,-117.56644
"Hemet, CA",33.74761,-116.97307
"Moreno Valley, CA",33.93752,-117.23059
"Murrieta, CA",33.55391,-117.21392
"Norco, CA",33.93113,-117.54866
"Perris, CA",33.78252,-117.22865
"Riverside, CA",33.95335,-117.39616
"Rubidoux, CA",33.99613,-117.4056
"Temecula, CA",33.49364,-117.14836
"Bloomington, MN",44.8408,-93.29828
"Burnsville, MN",44.76774,-93.27772
"Chanhassen, MN",44.86219,-93.53079
"Eden Prairie, MN",44.85469,-93.47079
"Edina, MN",44.88969,-93.34995
"Minnetonka, MN",44.9133,-93.50329
"Savage, MN",44.77913,-93.33634
"Shakopee, MN",44.79802,-93.5269
"Coconut Creek, FL",26.25175,-80.17894
"Cooper City, FL",26.05731,-80.27172
"Coral Springs, FL",26.27119,-80.2706
"Dania Beach, FL",26.05231,-80.14393
"Davie, FL",26.06287,-80.2331
"Deerfield Beach, FL",26.31841,-80.09977
"Fort Lauderdale, FL",26.12231,-80.14338
"Hallandale Beach, FL",25.9812,-80.14838
"Hollywood, FL",26.0112,-80.14949
"Lauderdale Lakes, FL",26.16647,-80.20838
"Lauderhill, FL",26.14036,-80.21338
"Margate, FL",26.24453,-80.20644
"North Lauderdale, FL",26.2173,-80.22588
"Pembroke Pines, FL",26.00315,-80.22394
"Plantation, FL",26.13421,-80.23184
"Pompano Beach, FL",26.23786,-80.12477
"Sunrise, FL",26.13397,-80.1131
"Tamarac, FL",26.21286,-80.24977
"Weston, FL",26.10037,-80.39977
"Brownsville, TX",25.90175,-97.49748
"Edinburg, TX",26.30174,-98.16334
"Harlingen, TX",26.19063,-97.6961
"Laredo, TX",27.50641,-99.50754
"McAllen, TX",26.20341,-98.23001
"Mission, TX",26.21591,-98.32529
"Pharr, TX",26.1948,-98.18362
"San Benito, TX",26.13258,-97.6311
"San Juan, TX",26.18924,-98.15529
"Weslaco, TX",26.15952,-97.99084
"Bristol, CT",41.67176,-72.94927
"Manchester, CT",41.77593,-72.52148
"East Hartford, CT",41.78232,-72.61203
"West Hartford, CT",41.76204,-72.74204
"Middletown, CT",41.56232,-72.65065
"New Britain, CT",41.66121,-72.77954
"New London, CT",41.35565,-72.09952
"Newington, CT",41.69788,-72.72371
"Norwich, CT",41.52426,-72.07591
"West Torrington, CT",41.81843,-73.14372
"West Hartford, CT",41.76204,-72.74204
"Wethersfield, CT",41.71427,-72.65259
"Fort Collins, CO",40.58526,-105.08442
"Grand Junction, CO",39.06387,-108.55065
"Greeley, CO",40.42331,-104.70913
"Loveland, CO",40.39776,-105.07498
"Aloha, OR",45.49428,-122.86705
"Beaverton, OR",45.48706,-122.80371
"Gresham, OR",45.49818,-122.43148
"Hillsboro, OR",45.52289,-122.98983
"Keizer, OR",44.99012,-123.02621
"Lake Oswego, OR",45.42067,-122.67065
"McMinnville, OR",45.21012,-123.19872
"Milwaukie, OR",45.44623,-122.63926
"Oregon City, OR",45.35734,-122.60676
"Portland, OR",45.52345,-122.67621
"Salem, OR",44.9429,-123.0351
"Tigard, OR",45.43123,-122.77149
"Tualatin, OR",45.38401,-122.76399
"West Linn, OR",45.36568,-122.61231
"Woodburn, OR",45.14373,-122.85537
"Allen, TX",33.10317,-96.67055
"Carrollton, TX",32.95373,-96.89028
"Cedar Hill, TX",32.58847,-96.95612
"Coppell, TX",32.95457,-97.01501
"Dallas, TX",32.78306,-96.80667
"DeSoto, TX",32.58986,-96.85695
"Duncanville, TX",32.6518,-96.90834
"Farmers Branch, TX",32.92651,-96.89612
"Flower Mound, TX",33.01457,-97.09696
"Frisco, TX",33.15067,-96.82361
"Garland, TX",32.91262,-96.63888
"Grand Prairie, TX",32.74596,-96.99778
"Irving, TX",32.81402,-96.94889
"Lancaster, TX",32.59208,-96.75611
"Lewisville, TX",33.04623,-96.99417
"McKinney, TX",33.19762,-96.61527
"Mesquite, TX",32.7668,-96.59916
"Plano, TX",33.01984,-96.69889
"Richardson, TX",32.94818,-96.72972
"Rowlett, TX",32.9029,-96.56388
"The Colony, TX",33.08901,-96.88639
"University Park, TX",32.85013,-96.80028
"Waxahachie, TX",32.38653,-96.84833
"Belleville, NJ",40.79371,-74.15014
"Bloomfield, NJ",40.80677,-74.18542
"Clifton, NJ",40.85843,-74.16376
"East Orange, NJ",40.76732,-74.20487
"Garfield, NJ",40.88149,-74.1132
"Irvington, NJ",40.73232,-74.23487
"Livingston, NJ",40.79593,-74.31487
"Lodi, NJ",40.88232,-74.0832
"Maplewood, NJ",40.73121,-74.27348
"Montclair, NJ",40.82593,-74.20903
"Morristown, NJ",40.79677,-74.48154
"Newark, NJ",40.73566,-74.17237
"Nutley, NJ",40.82232,-74.15987
"West Orange, NJ",40.79871,-74.23904
"Passaic, NJ",40.85677,-74.12848
"Paterson, NJ",40.91677,-74.17181
"Wayne, NJ",40.92538,-74.27654
"West Milford, NJ",41.13121,-74.36737
"West Orange, NJ",40.79871,-74.23904
"Beverly, MA",42.55843,-70.88005
"Chelmsford, MA",42.59981,-71.36728
"Danvers, MA",42.57509,-70.93005
"Fitchburg, MA",42.58342,-71.8023
"Gardner, MA",42.57509,-71.99813
"Gloucester, MA",42.61593,-70.66199
"Haverhill, MA",42.7762,-71.07728
"Lawrence, MA",42.70704,-71.16311
"Leominster, MA",42.52509,-71.75979
"Lowell, MA",42.63342,-71.31617
"Methuen, MA",42.7262,-71.19089
"South Peabody, MA",42.50982,-70.94949
"Salem, MA",42.51954,-70.89672
"Wilmington, MA",42.54648,-71.17367
"Bryan, TX",30.67436,-96.36996
"College Station, TX",30.62798,-96.33441
"Lake Jackson, TX",29.03386,-95.43439
"Charlotte, NC",35.22709,-80.84313
"Concord, NC",35.40888,-80.58158
"South Gastonia, NC",35.2193,-81.20563
"Huntersville, NC",35.41069,-80.84285
"Kannapolis, NC",35.48736,-80.62173
"Matthews, NC",35.11681,-80.72368
"Monroe, NC",34.98543,-80.54951
"Salisbury, NC",35.67097,-80.47423
"Statesville, NC",35.78264,-80.8873
"Apex, NC",35.73265,-78.85029
"Cary, NC",35.79154,-78.78112
"Chapel Hill, NC",35.9132,-79.05584
"Durham, NC",35.99403,-78.89862
"Goldsboro, NC",35.38488,-77.99277
"West Raleigh, NC",35.78682,-78.66389
"Sanford, NC",35.47988,-79.1803
"Houma, LA",29.59577,-90.71953
"Laplace, LA",30.06698,-90.48147
"Slidell, LA",30.27519,-89.78117
"Bay City, MI",43.59447,-83.88886
"Midland, MI",43.61558,-84.24721
"Mount Pleasant, MI",43.59781,-84.76751
"Saginaw, MI",43.41947,-83.95081
"Saginaw, MI",43.41947,-83.95081
"North Charleston, SC",32.85462,-79.97481
"Florence, SC",34.19543,-79.76256
"Goose Creek, SC",32.98101,-80.03259
"Hilton Head Island, SC",32.21632,-80.75261
"Mount Pleasant, SC",32.79407,-79.86259
"North Myrtle Beach, SC",33.81601,-78.68002
"North Charleston, SC",32.85462,-79.97481
"Summerville, SC",33.0185,-80.17565
